Incident Number,Recommendation Number,Schedule Status,Date Completed
NS-C42558E3D5,1,Behind,2021-05-14
NS-B125B85E7E,1,On Schedule,2021-02-12
NS-B125B85E7E,2,On Schedule,2021-03-06
NS-4710EE8790,1,Behind,2021-04-01
NS-28D57F30B3,1,Behind,2021-04-10
NS-9563B7C1CA,1,Behind,2021-04-27
NS-DBA06F51F9,1,On Schedule,2021-05-18
NS-DBA06F51F9,2,On Schedule,2021-05-24
NS-A495397DCE,1,Behind,2021-06-04
NS-8497899769,1,On Schedule,2021-05-29
NS-8497899769,2,On Schedule,2021-06-04
NS-E9FFCBE6B5,1,On Schedule,2021-08-28
NS-656F70413F,1,On Schedule,2021-08-12
NS-F1B9AA531C,1,Behind,2021-09-09
NS-9F7015D96B,1,On Schedule,2021-09-27
NS-DA9C4FA9ED,1,On Schedule,2021-08-27
NS-DA9C4FA9ED,2,Behind,2021-12-08
NS-4955485885,1,On Schedule,2021-11-09
NS-0CB854E630,1,On Schedule,2021-09-24
NS-03A04B99E2,1,On Schedule,2021-10-24
NS-1AD6923A55,1,On Schedule,2021-12-02
NS-027FB14F2D,1,Behind,2021-12-25
NS-44502BDD7E,1,On Schedule,2021-12-03
NS-4F96D8DFE2,1,On Schedule,2021-11-27
NS-0E767F8E4B,1,On Schedule,2021-11-30
NS-0E767F8E4B,2,On Schedule,2021-12-28
NS-062423C5CC,1,Behind,2022-01-27
NS-D9250CEAA5,1,Behind,2021-12-15
NS-2D7CF0B375,1,On Schedule,2021-12-03
NS-E8C9AD866B,1,On Schedule,2022-01-03
NS-B2ECF10894,1,On Schedule,2022-03-03
NS-5C05C29868,1,Behind,2022-03-16
NS-A931BA4FA3,1,On Schedule,2022-02-10
NS-035A281351,1,On Schedule,2022-02-07
NS-B5A14F24ED,1,On Schedule,2022-02-23
NS-7AC5B86665,1,Behind,2022-03-12
NS-26F655878E,1,Behind,2022-04-26
NS-E727749B4E,1,Behind,2022-04-07
NS-09DCDB4EE6,1,Behind,2022-05-30
NS-09DCDB4EE6,2,Behind,2022-04-19
NS-4538E59E85,1,On Schedule,2022-03-26
NS-7A2149ED8B,1,Behind,2022-07-08
NS-AC571044DF,1,On Schedule,2022-05-26
NS-AC571044DF,2,On Schedule,2022-05-11
NS-124AB1E30F,1,Behind,2022-12-26
NS-C89F365F7E,1,On Schedule,2022-06-11
NS-774B359FC1,1,On Schedule,2022-06-21
NS-757D25E2C2,1,On Schedule,2022-07-31
NS-D9E794D341,1,On Schedule,2022-08-14
NS-C282B498B8,1,Behind,2023-06-29
NS-919D6D3052,1,On Schedule,2022-08-21
NS-EE419CED17,1,On Schedule,2022-09-06
NS-7BA20A5647,1,Behind,2022-12-04
NS-A16A27B76D,1,Behind,2022-11-26
NS-A16A27B76D,2,On Schedule,2022-09-27
NS-3E3D017B45,1,On Schedule,2022-10-06
NS-3E3D017B45,2,On Schedule,2022-10-06
NS-04F5066829,1,On Schedule,2022-10-26
NS-CC8C5063B9,1,On Schedule,2022-11-09
NS-CCDF772D0A,1,On Schedule,2022-11-21
NS-7EE9B6DCA6,1,On Schedule,2022-11-01
NS-BFCBB3F5D8,1,Behind,2023-01-08
NS-290D926704,1,Behind,2022-12-20
NS-290D926704,2,Behind,2023-01-17
NS-D059706438,1,On Schedule,2022-12-24
NS-B6008A9135,1,Behind,2023-02-01
NS-CE15517413,1,On Schedule,2022-12-27
NS-CCABBB693D,1,Behind,2023-05-23
NS-B88D3430E5,1,Behind,2023-05-16
NS-B88D3430E5,2,Behind,2023-06-03
NS-8F33C7791B,1,Behind,2023-03-16
NS-E61F2E3210,1,On Schedule,2023-02-26
NS-60CA91515B,1,On Schedule,2023-02-17
NS-BC24DE04F1,1,On Schedule,2023-04-14
NS-04CB0A4CD4,1,On Schedule,2023-04-12
NS-3C1FE549B8,1,On Schedule,2023-03-11
NS-ED0E4CC69C,1,On Schedule,2023-05-08
NS-ED0E4CC69C,2,On Schedule,2023-05-13
NS-652DDFCFD9,1,On Schedule,2023-05-07
NS-34BD094098,1,On Schedule,2023-05-25
NS-0471CF6175,1,On Schedule,2023-08-12
NS-08678620F4,1,Behind,2023-10-02
NS-0D8A68D0A2,1,Behind,2023-09-22
NS-E7BED009A0,1,On Schedule,2023-08-09
NS-E7BED009A0,2,On Schedule,2023-08-02
NS-044778E2A8,1,On Schedule,2023-08-05
NS-921E14BDDF,1,On Schedule,2023-08-30
NS-88C271C470,1,Behind,2023-09-22
NS-041547E13F,1,On Schedule,2023-09-03
NS-D5B60ADB65,1,On Schedule,2023-09-13
NS-4F73FCBFF1,1,On Schedule,2023-11-05
NS-080EA0563E,1,Behind,2024-01-05
NS-241283A77C,1,Behind,2023-12-22
NS-241283A77C,2,On Schedule,2023-12-03
NS-D784625649,1,Behind,2024-03-09
NS-6398EC078F,1,On Schedule,2023-12-19
NS-6398EC078F,2,On Schedule,2023-12-29
NS-986C937DFC,1,Behind,2024-01-11
NS-265D15E95B,1,On Schedule,2024-01-23
NS-6D49C0270E,1,Behind,2024-02-13
NS-28BF8829E8,1,Behind,2024-04-22
NS-A5F4968976,1,Behind,2024-02-26
NS-C42E981F87,1,On Schedule,2024-04-21
NS-B5445D723F,1,On Schedule,2024-04-19
NS-E04FE21029,1,On Schedule,2024-04-06
NS-2922813ADD,1,On Schedule,2024-05-08
NS-2922813ADD,2,On Schedule,2024-04-12
NS-C161BF5798,1,On Schedule,2024-05-31
NS-62754CBCB2,1,On Schedule,2024-06-20
NS-7533986930,1,On Schedule,2024-06-14
NS-C19DA180E4,1,On Schedule,2024-06-06
NS-C60DFEB8F2,1,On Schedule,2024-06-25
NS-BAAC8CAC32,1,Behind,2024-07-29
NS-4EB1629BB9,1,Behind,2024-08-16
NS-6ED0604192,1,On Schedule,2024-07-06
NS-6ED0604192,2,On Schedule,2024-07-13
NS-11EE5991F7,1,Behind,2024-10-28
NS-D54017DA3A,1,On Schedule,2024-08-11
NS-5BD7868F21,1,On Schedule,2024-08-15
NS-898DA04286,1,Behind,2024-09-23
NS-898DA04286,2,On Schedule,2024-09-05
NS-7668CFB452,1,Behind,2025-05-25
NS-27A9EA7484,1,Behind,2024-12-19
NS-BD8359FBC3,1,Behind,2024-12-27
NS-09D838266E,1,On Schedule,2024-11-12
NS-09D838266E,2,On Schedule,2024-11-29
NS-3DF1711ACE,1,On Schedule,2024-12-16
NS-3DF1711ACE,2,On Schedule,2024-11-27
NS-F48E3D17B3,1,On Schedule,2024-12-11
NS-8DFE5707ED,1,On Schedule,2025-01-14
NS-F767B2A133,1,Behind,2025-02-06
NS-980EDAB662,1,On Schedule,2024-12-22
NS-C7B72D1191,1,Behind,2025-02-13
NS-811642131F,1,Behind,2025-01-13
NS-A5F93620D1,1,On Schedule,2025-01-20
NS-A5F93620D1,2,On Schedule,2024-12-29
NS-C80594B698,1,Behind,2025-05-10
NS-591B13B4C7,1,On Schedule,2025-02-28
NS-2988EEAF31,1,Behind,2025-05-24
NS-2988EEAF31,2,On Schedule,2025-01-20
NS-2EADE30878,1,Behind,2025-06-12
NS-2EADE30878,2,On Schedule,2025-02-16
NS-B7D96898F3,1,On Schedule,2025-01-25
NS-EA4B8760CA,1,On Schedule,2025-02-28
NS-BC7702D23C,1,On Schedule,2025-02-11
NS-B15E122247,1,Behind,2025-04-16
NS-A827E94C53,1,On Schedule,2025-03-22
NS-A3A2CC413A,1,Behind,2025-06-14
NS-A3A2CC413A,2,On Schedule,2025-04-03
NS-9A16DDBEB8,1,Behind,2025-06-03
NS-8D881CE7A3,1,On Schedule,2025-06-17
NS-42A93CE5CE,1,Behind,2025-06-14
NS-83D90CEBE2,1,Behind,2025-05-21
NS-83D90CEBE2,2,On Schedule,2025-04-23
NS-2563BBDAC6,1,On Schedule,2025-05-05
NS-2563BBDAC6,2,On Schedule,2025-05-17
NS-8270F9EBC0,1,On Schedule,2025-04-27
NS-DCE1F6BD18,1,On Schedule,2025-06-18
NS-4E37058A71,1,Behind,2025-10-02
NS-452D2E6293,1,Behind,2025-08-25
NS-E6A5889822,1,On Schedule,2025-07-09
NS-131EC1A6C3,1,On Schedule,2025-07-15
NS-984CECC249,1,On Schedule,2025-07-28
NS-984CECC249,2,Behind,2026-02-05
NS-BE81998EF7,1,On Schedule,2025-08-09
NS-BEE8652DCA,1,On Schedule,2025-08-03
NS-0F1E2D6799,1,Behind,2026-02-04
NS-BC99657275,1,On Schedule,2025-08-21
NS-902934F9C9,1,Behind,2025-10-31
NS-E957DD093F,1,On Schedule,2025-11-02
NS-02F1D120A1,1,On Schedule,2025-11-07
NS-02F1D120A1,2,On Schedule,2025-10-22
NS-7B812BCFFF,1,On Schedule,2025-11-10
NS-95631D807D,1,Behind,2026-01-06
NS-8FFCB3592A,1,On Schedule,2025-12-24
NS-8FFCB3592A,2,On Schedule,2025-12-20
NS-B7A62CF973,1,Behind,2026-03-13
