Incident Number,Cause number,bsee_source_field
GC-478-20240502-1620,1,18
GC-478-20240502-1620,2,19
GC-478-20240502-1620,3,19
GC-478-20240502-1620,4,19
EI-259-20120304-1330,1,18
EI-259-20120304-1330,2,19
EI-259-20120304-1330,3,19
EI-259-20120304-1330,4,19
EI-259-20120304-1330,5,19
LA-6659-1700,1,18
LA-6659-1700,2,19
LA-6659-1700,3,19
LA-6659-1700,4,19
LA-6659-1700,5,19
LA-6659-1700,6,19
LA-6659-1700,7,19
UNKEYED-d34a71a29a8c,1,18
UNKEYED-d34a71a29a8c,2,18
UNKEYED-d34a71a29a8c,3,19
UNKEYED-d34a71a29a8c,4,19
UNKEYED-d34a71a29a8c,5,19
UNKEYED-d34a71a29a8c,6,19
UNKEYED-d34a71a29a8c,7,19
UNKEYED-d34a71a29a8c,8,19
UNKEYED-d34a71a29a8c,9,19
UNKEYED-d34a71a29a8c,10,19
UNKEYED-d34a71a29a8c,11,19
UNKEYED-d34a71a29a8c,12,19
UNKEYED-d34a71a29a8c,13,19
UNKEYED-d34a71a29a8c,14,19
UNKEYED-d34a71a29a8c,15,19
UNKEYED-d34a71a29a8c,16,19
UNKEYED-d34a71a29a8c,17,19
UNKEYED-d34a71a29a8c,18,19
UNKEYED-d34a71a29a8c,19,19
UNKEYED-d34a71a29a8c,20,19
UNKEYED-d34a71a29a8c,21,19
UNKEYED-d34a71a29a8c,22,19
UNKEYED-d34a71a29a8c,23,19
UNKEYED-d34a71a29a8c,24,19
UNKEYED-d34a71a29a8c,25,19
LB-6488-20030504-0740,1,18
LB-6488-20030504-0740,2,19
LA-6709-20041104-0735,1,18
MI-622-20040121-0314,1,18
MI-622-20040121-0314,2,19
HI-20040219-2045,1,18
HI-20040219-2045,2,19
EW-826-20040222-1445,1,18
HI-20040223-1400,1,18
HI-20040223-1400,2,19
SM-149-20040328-0800,1,18
SM-149-20040328-0800,2,19
ST-260-20040329-0130,1,18
HI-47-20040519-0830,1,18
HI-47-20040519-0830,2,19
WC-237-20041106-0800,1,18
WC-237-20041106-0800,2,18
WC-237-20041106-0800,3,18
WC-237-20041106-0800,4,18
WC-237-20041106-0800,5,18
WC-237-20041106-0800,6,19
EI-327-20041223-1420,1,18
EI-327-20041223-1420,2,19
EI-32-20041227-0250,1,18
EI-32-20041227-0250,2,19
LA-6660-20110526-1130,1,18
LA-6660-20110526-1130,2,19
LB-6437-20110528-0945,1,18
WC-280-20050114-1145,1,18
WC-280-20050114-1145,2,19
SS-92-20050119-0900,1,18
SS-209-20050119-1800,1,18
SS-209-20050119-1800,2,19
WR-508-20050120-2230,1,18
WR-508-20050120-2230,2,19
ST-308-20050210-0430,1,18
ST-308-20050210-0430,2,19
MC-772-20050220-1100,1,18
MC-772-20050220-1100,2,18
MC-772-20050220-1100,3,18
MC-772-20050220-1100,4,19
EI-261-20050225-1043-efe9d45e,1,18
EI-261-20050225-1043-efe9d45e,2,19
MC-807-20050228-2330,1,18
MC-807-20050228-2330,2,19
ST-242-20050308-2015,1,18
ST-242-20050308-2015,2,19
GC-157-20050311-1510,1,18
GC-157-20050311-1510,2,19
MC-822-20050315-1500,1,18
MC-822-20050315-1500,2,19
SP-62-20050317-0400,1,18
SP-62-20050317-0400,2,18
SP-62-20050317-0400,3,19
MC-807-20050318-1115,1,18
MC-807-20050318-1115,2,19
ST-21-20050323-2300,1,18
ST-21-20050323-2300,2,19
MC-429-20050330-1400,1,18
EI-100-20050403-2130,1,18
EI-100-20050403-2130,2,19
ST-77-20050405-1800,1,18
ST-77-20050405-1800,2,19
ST-41-20050411-0355,1,18
ST-41-20050411-0355,2,19
HI-110-20050502-1332,1,18
HI-110-20050502-1332,2,19
SP-67-20050506-0945,1,18
SP-67-20050506-0945,2,19
GC-236-20050516-1200,1,18
GC-236-20050516-1200,2,19
GC-236-20050519-1245,1,18
GC-236-20050519-1245,2,19
SM-99-20050526-1045,1,18
SM-99-20050526-1045,2,19
MU-762-20050529-0830,1,18
MU-762-20050529-0830,2,19
PL-13-20050610-0930,1,18
PL-13-20050610-0930,2,19
MU-757-20050618-1700,1,18
MU-757-20050618-1700,2,18
MU-757-20050618-1700,3,19
EC-272-20050618-2315,1,18
EC-272-20050618-2315,2,18
EC-272-20050618-2315,3,18
EC-272-20050618-2315,4,19
EC-272-20050618-2315,5,19
GC-652-20050623-1915,1,18
GC-652-20050623-1915,2,19
WD-62-20050624-1100,1,18
WD-62-20050624-1100,2,19
HI-20050630-1205,1,18
MC-778-20050708-1525,1,18
MC-778-20050708-1525,2,19
HI-20050720-1800,1,18
HI-20050720-1800,2,19
MU-787-20050721-0001,1,18
MU-787-20050721-0001,2,19
GC-782-20050722-1500,1,18
GC-782-20050722-1500,2,19
GC-782-20050722-1500,3,19
SS-114-20050725-1930,1,18
SS-114-20050725-1930,2,19
SS-349-20050729-0150,1,18
SS-349-20050729-0150,2,19
HI-197-20050731-0820,1,18
HI-197-20050731-0820,2,19
ST-37-20050802-1300,1,18
ST-37-20050802-1300,2,19
GC-821-20050803-0100,1,18
GC-821-20050803-0100,2,19
ST-86-20050813-0730,1,18
ST-86-20050813-0730,2,19
SS-80-20050820-0900,1,18
SS-80-20050820-0900,2,19
GC-237-20050923-0600,1,18
GC-237-20050923-0600,2,19
SS-258-20051005-1230,1,18
SS-258-20051005-1230,2,19
PL-12-20051010-1200,1,18
PL-12-20051010-1200,2,19
ST-99-20051014-1130,1,18
ST-99-20051014-1130,2,19
SS-149-20051026-0505,1,18
ST-21-20051030-1500,1,18
ST-21-20051030-1500,2,19
GC-826-20051031-1630,1,18
GC-826-20051031-1630,2,19
ST-308-20051102-2330,1,18
ST-308-20051102-2330,2,19
GC-158-20051108-1600,1,18
GC-158-20051108-1600,2,19
HI-22-20051118-1730,1,18
HI-22-20051118-1730,2,18
HI-22-20051118-1730,3,19
MC-126-20051123-1930,1,18
MC-126-20051123-1930,2,19
MP-280-20051124-0615,1,18
MP-280-20051124-0615,2,19
PN-891-20051205-2200,1,18
PN-891-20051205-2200,2,18
PN-891-20051205-2200,3,18
PN-891-20051205-2200,4,18
PN-891-20051205-2200,5,18
ST-134-20051226-1030,1,18
SM-6683-20090607-1645,1,18
SM-6683-20090607-1645,2,19
LA-6660-20110609-1230,1,18
LA-6660-20110609-1230,2,19
LA-6660-20110609-1230,3,19
LA-6660-20110609-1230,4,19
SM-6524-20050106-0026,1,18
VK-989-20060111-0121,1,18
VK-989-20060111-0121,2,19
VK-989-20060111-0121,3,19
MP-299-20060114-0300,1,18
MP-299-20060114-0300,2,19
MP-299-20060114-0300,3,19
MC-734-20060118-1745,1,18
KC-292-20060129-1016,1,18
KC-292-20060129-1016,2,19
MP-299-20060201-0800,1,18
MP-299-20060201-0800,2,19
MP-61-20060205-1100,1,18
MP-61-20060205-1100,2,19
WD-73-20060206-0230,1,18
WD-73-20060206-0230,2,19
SP-75-20060209-1330,1,18
SP-75-20060209-1330,2,19
WD-71-20060210-0800,1,18
WD-71-20060210-0800,2,19
MC-822-20060212-0630,1,18
MC-822-20060212-0630,2,19
MP-299-20060214-1800,1,18
PL-13-20060215-1400,1,18
PL-13-20060215-1400,2,19
PL-13-20060215-1400,3,19
PL-13-20060215-1400,4,19
PL-13-20060215-1400,5,19
PL-13-20060215-1400,6,19
PL-13-20060215-1400,7,19
PL-13-20060215-1400,8,19
VR-218-20060217-1000,1,18
VR-218-20060217-1000,2,19
ST-21-20060222-0825,1,18
VR-218-20060306-1130,1,18
VR-218-20060306-1130,2,19
AC-856-20060310-1630,1,18
AC-856-20060310-1630,2,19
MC-204-20060317-0800,1,18
MC-204-20060317-0800,2,19
VK-956-20060318-1900,1,18
VK-956-20060318-1900,2,19
MC-194-20060319-1000,1,18
WR-544-20060320-0822,1,18
WR-544-20060320-0822,2,19
AT-140-20060322-0850,1,18
AT-140-20060322-0850,2,19
WD-29-20060331-0845,1,18
WD-29-20060331-0845,2,19
MP-30-20060407-2245,1,18
MP-30-20060407-2245,2,19
GC-243-20060409-0945,1,18
VR-256-20060411-1400,1,18
MP-101-20060413-0730,1,18
MP-140-20060423-0830,1,18
EI-360-20060427-0530,1,18
EI-360-20060427-0530,2,19
GC-157-20060507-0400,1,18
WR-544-20060509-0641,1,18
WD-34-20060525-1500,1,18
WD-34-20060525-1500,2,19
SM-106-20060529-1530,1,18
SM-106-20060529-1530,2,19
GC-743-20060530-0009,1,18
GC-743-20060530-0009,2,19
GC-645-20060604-0703,1,18
GC-645-20060604-0703,2,19
EB-165-20060607-1130,1,18
EB-165-20060607-1130,2,18
EB-165-20060607-1130,3,18
EB-165-20060607-1130,4,19
EI-391-20060616-0830,1,18
EI-391-20060616-0830,2,19
MU-20060622-1345,1,18
MU-20060622-1345,2,18
MU-20060622-1345,3,18
MU-20060622-1345,4,19
MU-20060622-1345,5,19
MU-20060622-1345,6,19
MU-20060622-1345,7,19
HI-193-20060623-1230,1,18
HI-193-20060623-1230,2,19
HI-20060629-0810,1,18
HI-20060629-0810,2,18
HI-20060629-0810,3,19
MI-555-20060702-1715,1,18
MI-555-20060702-1715,2,19
GB-668-20060703-0730,1,18
GC-608-20060711-1715,1,18
GC-608-20060711-1715,2,19
VK-823-20060718-2200,1,18
VK-823-20060718-2200,2,19
MP-299-20060718-0815,1,18
MP-299-20060718-0815,2,19
SS-182-20060730-1445,1,18
SS-182-20060730-1445,2,18
SS-182-20060730-1445,3,19
SS-182-20060730-1445,4,19
SS-182-20060730-1445,5,19
MP-77-20060801-0730,1,18
MP-77-20060801-0730,2,19
EI-331-20060802-1645,1,18
EI-331-20060802-1645,2,19
ST-148-20060804-1200,1,18
ST-148-20060804-1200,2,19
MP-306-20060810-0715,1,18
VK-432-20060814-1330,1,18
MC-776-20060815-0800,1,18
MC-776-20060815-0800,2,19
MC-776-20060815-0800,3,19
MP-296-20060815-1240,1,18
MP-296-20060815-1240,2,19
MP-296-20060815-1240,3,19
MP-296-20060815-1240,4,19
GI-47-20060815-1745,1,18
GI-47-20060815-1745,2,19
AT-574-20060817-0200,1,18
AT-574-20060817-0200,2,19
SS-138-20060820-0330,1,18
SS-138-20060820-0330,2,19
WD-71-20060825-1620,1,18
MP-299-20060905-0900,1,18
MP-299-20060905-0900,2,19
MP-299-20060905-0900,3,19
MP-299-20060905-0900,4,19
MP-299-20060905-0900,5,19
MP-299-20060905-0900,6,19
MP-299-20060905-0900,7,19
MP-299-20060905-0900,8,19
MP-299-20060905-0900,9,19
MP-299-20060905-0900,10,19
MP-299-20060905-0900,11,19
MP-299-20060905-0900,12,19
MP-299-20060905-0900,13,19
SS-33-20060906-0800,1,18
SS-33-20060906-0800,2,19
SS-33-20060906-0800,3,19
SS-33-20060906-0800,4,19
MP-299-20060921-0630,1,18
MP-299-20060921-0630,2,19
MP-299-20060921-0630,3,19
MP-299-20060921-0630,4,19
MP-299-20060921-0630,5,19
MP-299-20060921-0630,6,19
MP-299-20060921-0630,7,19
MP-299-20060921-0630,8,19
MP-299-20060921-0630,9,19
MP-299-20060921-0630,10,19
MP-299-20060921-0630,11,19
AT-574-20061006-0140,1,18
AT-574-20061006-0140,2,19
GB-873-20061008-0200,1,18
GB-873-20061008-0200,2,19
SM-236-20061009-1830,1,18
SM-236-20061009-1830,2,19
ST-52-20061010-0950,1,18
ST-52-20061010-0950,2,19
EI-330-20061011-2345,1,18
EI-330-20061011-2345,2,19
HI-20061013-1530,1,18
HI-116-20061028-2030,1,18
MC-737-20061030-0800,1,18
MC-737-20061030-0800,2,19
MC-737-20061030-0800,3,19
HI-20061031-0920,1,18
MC-566-20061104-1100,1,18
MC-566-20061104-1100,2,18
MC-566-20061104-1100,3,19
MC-566-20061104-1100,4,19
MC-777-20061105-0657,1,18
EI-88-20061111-1500,1,18
EI-88-20061111-1500,2,19
WC-294-20061112-0700,1,18
WC-294-20061112-0700,2,19
SS-242-20061115-1800,1,18
SS-242-20061115-1800,2,19
SP-49-20061117-1020,1,18
SP-49-20061117-1020,2,19
WC-130-20061118-1315,1,18
WC-130-20061118-1315,2,19
WC-130-20061118-1315,3,19
WC-130-20061118-1315,4,19
ST-300-20061123-1950,1,18
ST-300-20061123-1950,2,19
EI-349-20061125-0715,1,18
EI-349-20061125-0715,2,19
SP-49-20061129-0830,1,18
SP-49-20061129-0830,2,19
MP-69-20061204-2300,1,18
MP-69-20061204-2300,2,18
MP-69-20061204-2300,3,19
MP-69-20061204-2300,4,19
MP-69-20061204-2300,5,19
SS-129-20061209-0600,1,18
SS-129-20061209-0600,2,19
EI-330-20061209-1015,1,18
EI-330-20061209-1015,2,19
MI-656-20061212-0740,1,18
MI-656-20061212-0740,2,19
KC-785-20240307-1500,1,18
KC-785-20240307-1500,2,19
KC-785-20240307-1500,3,19
KC-785-20240307-1500,4,19
KC-785-20240307-1500,5,19
SM-6374-20070207-1800,1,18
SM-6374-20070207-1800,2,19
LB-6438-20120607,1,18
LB-6438-20120607,2,18
LB-6438-20120607,3,18
LB-6438-20120607,4,19
MC-127-20070124-1200,1,18
MC-127-20070124-1200,2,18
MC-127-20070124-1200,3,19
VK-956-20070126-1500,1,18
VK-956-20070126-1500,2,19
EW-948-20070126-0800,1,18
EW-948-20070126-0800,2,19
EW-989-20070130-0920,1,18
EW-989-20070130-0920,2,19
GC-743-20070201-1715,1,18
GC-743-20070201-1715,2,19
MP-261-20070204-1225,1,18
EI-349-20070207-0900,1,18
EI-349-20070207-0900,2,19
ST-245-20070208-2145,1,18
ST-245-20070208-2145,2,19
GC-468-20070209-0800,1,18
GC-468-20070209-0800,2,19
ST-135-20070209-0801,1,18
ST-135-20070209-0801,2,19
HI-154-20070210-1200,1,18
HI-154-20070210-1200,2,19
SS-253-20070214-0945,1,18
SS-253-20070214-0945,2,19
EI-337-20070217-1000,1,18
EI-337-20070217-1000,2,19
GC-177-20070217-1050,1,18
GC-177-20070217-1050,2,19
GB-244-20070219-2020,1,18
GB-244-20070219-2020,2,19
MP-77-20070222-1730,1,18
MP-77-20070222-1730,2,19
SM-275-20070226-1400,1,18
SM-275-20070226-1400,2,19
GC-782-20070228-2014,1,18
GC-782-20070228-2014,2,19
GC-743-20070228-1500,1,18
GC-743-20070228-1500,2,19
GB-426-20070302-0615,1,18
GB-426-20070302-0615,2,18
GB-426-20070302-0615,3,18
GB-426-20070302-0615,4,18
GB-426-20070302-0615,5,18
GB-426-20070302-0615,6,18
GB-426-20070302-0615,7,19
GB-426-20070302-0615,8,19
GB-426-20070302-0615,9,19
GB-426-20070302-0615,10,19
GB-426-20070302-0615,11,19
GI-37-20070310-1525,1,18
WR-627-20070312-1103,1,18
WR-627-20070312-1103,2,19
ST-21-20070314-0200,1,18
EI-330-20070316-1345,1,18
EI-330-20070316-1345,2,19
GC-645-20070328-0515,1,18
GC-645-20070328-0515,2,19
MC-726-20070330-0650,1,18
MC-726-20070330-0650,2,19
MC-726-20070330-0650,3,19
ST-41-20070330-0900,1,18
ST-41-20070330-0900,2,19
ST-193-20070401-1645,1,18
ST-193-20070401-1645,2,19
MC-696-20070405-1800,1,18
MC-696-20070405-1800,2,19
BA-20070417-0200,1,18
BA-20070417-0200,2,19
GI-37-20070419-1045,1,18
GI-37-20070419-1045,2,19
SS-266-20070428-2030,1,18
SS-266-20070428-2030,2,19
MC-29-20070507-1930,1,18
HI-20070513-0630,1,18
HI-20070513-0630,2,19
ST-204-20070518-1715,1,18
ST-204-20070518-1715,2,19
GC-243-20070518-1455,1,18
GC-243-20070518-1455,2,19
SP-83-20070519-0045,1,18
SP-83-20070519-0045,2,19
SP-83-20070519-0045,3,19
SP-83-20070519-0045,4,19
EW-947-20070520-0430,1,18
EW-947-20070520-0430,2,19
VK-817-20070522-0930,1,18
VK-817-20070522-0930,2,19
GC-743-20070531-1940,1,18
GC-743-20070531-1940,2,19
MO-1002-20070605-1830,1,18
GC-680-20070611-0230,1,18
GC-680-20070611-0230,2,19
MO-871-20070613-1948,1,18
SM-106-20070623-0730,1,18
SM-106-20070623-0730,2,19
MC-707-20070627-1800,1,18
MC-707-20070627-1800,2,19
EI-158-20070705-2100,1,18
EI-158-20070705-2100,2,19
MC-809-20070721-1100,1,18
MC-809-20070721-1100,2,19
GC-743-20070731-1300,1,18
GC-743-20070731-1300,2,19
MP-61-20070801-1815,1,18
MP-61-20070801-1815,2,19
VK-786-20070807-1930,1,18
VK-786-20070807-1930,2,19
VR-408-20070808-2118,1,18
VR-408-20070808-2118,2,19
ST-254-20070811-1820,1,18
ST-254-20070811-1820,2,19
GC-743-20070815-1230,1,18
GC-743-20070815-1230,2,19
WD-29-20070822-1500,1,18
WD-29-20070822-1500,2,18
WD-29-20070822-1500,3,18
WD-29-20070822-1500,4,18
WD-29-20070822-1500,5,19
WD-29-20070822-1500,6,19
WD-29-20070822-1500,7,19
WD-29-20070822-1500,8,19
WD-29-20070822-1500,9,19
SP-57-20070823-1510,1,18
SP-57-20070823-1510,2,19
VR-167-20070828-1430,1,18
VR-167-20070828-1430,2,18
VR-167-20070828-1430,3,19
VR-167-20070828-1430,4,19
EC-109-20070830-1400,1,18
EC-109-20070830-1400,2,19
VR-167-20070907-0615,1,18
VR-167-20070907-0615,2,19
VR-167-20070907-0615,3,19
VR-167-20070907-0615,4,19
VR-167-20070907-0615,5,19
EI-175-20070907-1630,1,18
EI-175-20070907-1630,2,19
EI-175-20070907-1630,3,19
EI-175-20070907-1630,4,19
EI-175-20070907-1630,5,19
SS-92-20070917-0845,1,18
SS-92-20070917-0845,2,19
GC-949-20070920-1000,1,18
GC-949-20070920-1000,2,19
MC-807-20070923-1923,1,18
GI-78-20070926-1925,1,18
GI-78-20070926-1925,2,18
WR-29-20070930-1145,1,18
WR-29-20070930-1145,2,19
MP-30-20071001-1205,1,18
MP-30-20071001-1205,2,18
MP-30-20071001-1205,3,19
MP-30-20071001-1205,4,19
SS-209-20071003-1345,1,18
SS-209-20071003-1345,2,19
MC-683-20071020-2250,1,18
GC-726-20071021-0915,1,18
GC-726-20071021-0915,2,19
GC-726-20071021-0915,3,19
MO-916-20071023-0700,1,18
MO-916-20071023-0700,2,18
MC-683-20071023-0320,1,18
MC-711-20071024-1815,1,18
MC-711-20071024-1815,2,18
MP-73-20071025-1830,1,18
MP-73-20071025-1830,2,18
WD-45-20071030-1400,1,18
VR-167-20071031-2245,1,18
VR-167-20071031-2245,2,18
VR-167-20071031-2245,3,18
VR-167-20071031-2245,4,19
VR-167-20071031-2245,5,19
VR-167-20071031-2245,6,19
VR-167-20071031-2245,7,19
VR-167-20071031-2245,8,19
MC-765-20071102-1445,1,18
MC-765-20071102-1445,2,19
SS-266-20071103-2015,1,18
SS-266-20071103-2015,2,19
GB-260-20071104-1615,1,18
GB-260-20071104-1615,2,19
WD-89-20071106-2000,1,18
MP-73-20071107-0415,1,18
MC-568-20071113-1000,1,18
SP-78-20071115-0530,1,18
GA-151-20071118-0630,1,18
MO-914-20071129-1410,1,18
MO-914-20071129-1410,2,19
MC-21-20071201-1615,1,18
MC-21-20071201-1615,2,19
GC-652-20071202-1330,1,18
GC-652-20071202-1330,2,19
MC-822-20071204-1230,1,18
GC-953-20071206-1645,1,18
GC-953-20071206-1645,2,19
GI-39-20071210-2330,1,18
MP-44-20071211-0540,1,18
WD-27-20071217-0200,1,18
WD-27-20071217-0200,2,18
SP-38-20071229-1550,1,18
SP-38-20071229-1550,2,19
SS-118-20071230-0844,1,18
SS-118-20071230-0844,2,18
SS-118-20071230-0844,3,19
SS-118-20071230-0844,4,19
SS-118-20071230-0844,5,19
ST-23-20240708-1908,1,18
ST-23-20240708-1908,2,18
ST-23-20240708-1908,3,19
ST-23-20240708-1908,4,19
LA-6659-20050108-1345,1,18
LA-6659-20050108-1345,2,19
SM-6635-20120908,1,19
MC-696-20080104-1115,1,18
EC-220-20080106-0745,1,18
EC-220-20080106-0745,2,18
EC-220-20080106-0745,3,18
EC-220-20080106-0745,4,18
EC-220-20080106-0745,5,18
EC-220-20080106-0745,6,19
EC-220-20080106-0745,7,19
EC-220-20080106-0745,8,19
EC-220-20080106-0745,9,19
EC-220-20080106-0745,10,19
EC-220-20080106-0745,11,19
EC-220-20080106-0745,12,19
GI-47-20080109-0930,1,18
MC-522-20080111-1921,1,18
EC-286-20080117-0845,1,18
EC-286-20080117-0845,2,19
SM-236-20080118-0500,1,18
SM-236-20080118-0500,2,19
GC-652-20080128-1300,1,18
GC-652-20080128-1300,2,19
VR-287-20080202-1545,1,18
VR-287-20080202-1545,2,19
SP-49-20080205-1920,1,18
SS-209-20080209-1515,1,18
SS-209-20080209-1515,2,19
GI-32-20080213-2000,1,18
ST-168-20080220-0915,1,18
ST-168-20080220-0915,2,18
ST-168-20080220-0915,3,18
ST-168-20080220-0915,4,19
ST-168-20080220-0915,5,19
ST-168-20080220-0915,6,19
ST-168-20080220-0915,7,19
ST-168-20080220-0915,8,19
MC-522-20080221-1210,1,18
MC-522-20080221-1210,2,18
GB-667-20080226-1900,1,18
GB-667-20080226-1900,2,19
EI-43-20080301-0310,1,18
EI-43-20080301-0310,2,19
MC-727-20080306-1130,1,18
MC-727-20080306-1130,2,19
SM-107-20080308-0815,1,18
SM-107-20080308-0815,2,19
GC-65-20080312-0750,1,18
GC-65-20080312-0750,2,19
EI-261-20050225-1043-374b5518,1,18
EI-261-20050225-1043-374b5518,2,19
EC-346-20080320-1100,1,18
EC-346-20080320-1100,2,18
EC-346-20080320-1100,3,18
EC-346-20080320-1100,4,19
EC-346-20080320-1100,5,19
WD-143-20080321-1105,1,18
WD-143-20080321-1105,2,19
GC-158-20080326-0520,1,18
GC-158-20080326-0520,2,19
VK-900-20080327-1400,1,18
PL-23-20080403-1630,1,18
EI-63-20080405-0725,1,18
EI-63-20080405-0725,2,19
GB-876-20080408-1000,1,18
GB-876-20080408-1000,2,19
WD-94-20080412-1230,1,18
VR-318-20080413-0730,1,18
VR-318-20080413-0730,2,19
VR-318-20080413-0730,3,19
VR-318-20080413-0730,4,19
SS-269-20080415-1500,1,18
SS-269-20080415-1500,2,18
SS-269-20080415-1500,3,18
SS-269-20080415-1500,4,18
SS-269-20080415-1500,5,19
GI-47-20080418-0255,1,18
MP-175-20080422-1430,1,18
WD-109-20080425-0300,1,18
WR-678-20080427-0800,1,18
WR-678-20080427-0800,2,19
GC-158-20080427-0300,1,18
GC-158-20080427-0300,2,19
MC-775-20080501-0800,1,18
MC-775-20080501-0800,2,19
EI-342-20080506-2230,1,18
EI-342-20080506-2230,2,19
WD-96-20080507-0705,1,18
GI-39-20080507-1830,1,18
GI-39-20080507-1830,2,18
MC-243-20080507-0800,1,18
WD-40-20080511-2250,1,18
MC-778-20080522-0415,1,18
GB-128-20080522-1535,1,18
GB-128-20080522-1535,2,19
VK-900-20080523-0200,1,18
MC-773-20080524-1400,1,18
MP-310-20080526-1045,1,18
MC-948-20080526-1730,1,18
MC-948-20080526-1730,2,18
MC-948-20080526-1730,3,18
MC-948-20080526-1730,4,18
VR-380-20080526-1815,1,18
VR-380-20080526-1815,2,19
VR-380-20080526-1815,3,19
VR-380-20080526-1815,4,19
VR-380-20080526-1815,5,19
EI-327-20080530-1400,1,18
EI-327-20080530-1400,2,19
GI-41-20080605-1015,1,18
MC-809-20080606-1000,1,18
EI-56-20080610-2245,1,18
EI-56-20080610-2245,2,19
AC-815-20080614-2122,1,18
AC-815-20080614-2122,2,19
GC-653-20080616-0716,1,18
GC-653-20080616-0716,2,19
WC-202-20080624-0800,1,18
WC-202-20080624-0800,2,19
WC-102-20080710-1015,1,18
WC-102-20080710-1015,2,19
WC-102-20080710-1015,3,19
WC-102-20080710-1015,4,19
WC-102-20080710-1015,5,19
WC-102-20080710-1015,6,19
ST-68-20080713-1530,1,18
ST-68-20080713-1530,2,19
EI-57-20080713-2250,1,18
EI-57-20080713-2250,2,19
SS-204-20080719-1248,1,18
SS-204-20080719-1248,2,19
SS-238-20080727-0045,1,18
SS-238-20080727-0045,2,19
HI-20080730-1515,1,18
HI-20080730-1515,2,19
EI-196-20080731-1645,1,18
EI-196-20080731-1645,2,19
SM-212-20080804-0130,1,18
SM-212-20080804-0130,2,18
SM-212-20080804-0130,3,18
SM-212-20080804-0130,4,19
SM-212-20080804-0130,5,19
SM-212-20080804-0130,6,19
HI-20080804-1400,1,18
HI-20080804-1400,2,19
VR-267-20080815-1200,1,18
VR-267-20080815-1200,2,18
VR-267-20080815-1200,3,18
VR-267-20080815-1200,4,19
VR-267-20080815-1200,5,19
VR-267-20080815-1200,6,19
VR-267-20080815-1200,7,19
EI-259-20080822-0926,1,18
EI-259-20080822-0926,2,19
SP-60-20080906-0400,1,18
SP-60-20080906-0400,2,18
SP-60-20080906-0400,3,18
SP-60-20080906-0400,4,18
WR-678-20080920-0100,1,18
WR-678-20080920-0100,2,19
MC-941-20080927-2130,1,18
MC-941-20080927-2130,2,18
WC-661-20081002-1350,1,18
WC-661-20081002-1350,2,19
WC-661-20081002-1350,3,19
EW-871-20081013-1620,1,18
EW-871-20081013-1620,2,19
ST-35-20081015-1400,1,18
ST-35-20081015-1400,2,19
SM-130-20081023-1730,1,18
SM-130-20081023-1730,2,19
VR-245-20081031-1430,1,18
VR-245-20081031-1430,2,19
WR-678-20081101-1500,1,18
WR-678-20081101-1500,2,19
EW-305-20081102-1105,1,18
EW-305-20081102-1105,2,18
EW-305-20081102-1105,3,18
EW-305-20081102-1105,4,19
EW-305-20081102-1105,5,19
EW-305-20081102-1105,6,19
EW-305-20081103-1415,1,18
EW-305-20081103-1415,2,18
EW-305-20081103-1415,3,19
GI-47-20081113-0100,1,18
EI-98-20081119-0300,1,18
EI-98-20081119-0300,2,19
EI-327-20081123-0335,1,18
EI-327-20081123-0335,2,19
WD-40-20081130-0800,1,18
WD-40-20081130-0800,2,18
WD-40-20081130-0800,3,18
WD-40-20081130-0800,4,18
WD-40-20081130-0800,5,18
WD-40-20081130-0800,6,19
WD-40-20081130-0800,7,19
WD-40-20081130-0800,8,19
WD-40-20081130-0800,9,19
WD-40-20081130-0800,10,19
WC-504-20081201-1000,1,18
WC-504-20081201-1000,2,19
WC-504-20081201-1000,3,19
WC-504-20081201-1000,4,19
SM-149-20081203-1930,1,18
SM-149-20081203-1930,2,19
EI-98-20081211-1930,1,18
EI-98-20081211-1930,2,19
BA-20081218-1400,1,18
BA-20081218-1400,2,19
EI-251-20081231-1045,1,18
EI-251-20081231-1045,2,19
UNKEYED-4429b8ff271c,1,18
UNKEYED-4429b8ff271c,2,19
SM-6524-20040309-1130,1,18
ST-308-20090108-0130,1,18
ST-308-20090108-0130,2,19
GC-65-20090114-1530,1,18
GC-65-20090114-1530,2,19
EB-599-20090116-1710,1,18
EB-599-20090116-1710,2,19
EC-47-20090125-1125,1,18
EC-47-20090125-1125,2,19
EC-47-20090125-1125,3,19
EC-47-20090125-1125,4,19
WC-168-20090127-2135,1,18
WC-168-20090127-2135,2,19
EB-643-20090213-2200,1,18
EB-643-20090213-2200,2,19
EW-910-20090213-1000,1,18
EW-910-20090213-1000,2,19
ST-300-20090213-1012,1,18
ST-300-20090213-1012,2,19
HI-39-20090215-1315,1,18
HI-39-20090215-1315,2,19
MP-41-20090217-0730,1,18
WC-639-20090227-1120,1,18
WC-639-20090227-1120,2,19
WC-639-20090227-1120,3,19
WC-639-20090227-1120,4,19
WC-639-20090227-1120,5,19
WC-639-20090227-1120,6,19
HI-165-20090227-1430,1,18
HI-165-20090227-1430,2,19
SS-259-20090228-0415,1,18
SS-259-20090228-0415,2,19
MP-107-20090301-1200,1,18
MP-107-20090301-1200,2,18
MP-107-20090301-1200,3,19
MP-107-20090301-1200,4,19
MP-107-20090301-1200,5,19
MP-107-20090301-1200,6,19
GC-847-20090309-1115,1,18
GC-847-20090309-1115,2,19
EI-339-20080313-0715,1,18
EI-339-20080313-0715,2,19
UNKEYED-13900eb22ec1,1,18
UNKEYED-13900eb22ec1,2,19
VR-376-20090321-1110,1,18
VR-376-20090321-1110,2,19
VR-376-20090321-1110,3,19
VR-376-20090321-1110,4,19
SS-349-20090321-2000,1,18
SS-349-20090321-2000,2,19
EB-602-20090401-1520,1,18
EB-602-20090401-1520,2,19
EB-602-20090401-1520,3,19
EB-602-20090401-1520,4,19
EB-602-20090401-1520,5,19
EB-602-20090401-1520,6,19
MC-72-20090419-1530,1,18
MC-72-20090419-1530,2,18
MC-72-20090419-1530,3,18
MC-72-20090419-1530,4,18
MC-72-20090419-1530,5,18
MC-72-20090419-1530,6,18
MC-72-20090419-1530,7,18
MC-72-20090419-1530,8,19
MC-72-20090419-1530,9,19
MC-72-20090419-1530,10,19
EI-259-20090422-1400,1,18
EI-259-20090422-1400,2,19
UNKEYED-1a4f1d9e603d,1,18
HI-20090510-1115,1,18
MC-520-20090513-1936,1,18
MC-520-20090513-1936,2,18
MC-520-20090513-1936,3,19
MC-520-20090513-1936,4,19
GC-847-20090514-1500,1,18
GC-847-20090514-1500,2,19
MC-736-20090515-1600,1,18
MC-736-20090515-1600,2,18
MC-736-20090515-1600,3,18
MC-736-20090515-1600,4,18
MC-736-20090515-1600,5,19
MC-736-20090515-1600,6,19
VR-122-20090527-1200,1,18
VR-122-20090527-1200,2,19
VR-122-20090527-1200,3,19
KC-291-20090528-0250,1,18
KC-291-20090528-0250,2,19
ST-100-20090528-1835,1,18
ST-100-20090528-1835,2,19
UNKEYED-dade5209955a,1,18
EI-295-20090603-1200,1,18
EI-295-20090603-1200,2,19
GC-304-20090606-2130,1,18
GC-304-20090606-2130,2,19
ST-295-20090609-1001,1,18
ST-295-20090609-1001,2,19
ST-295-20090609-1001,3,19
SM-18-20090615-0900,1,18
SM-18-20090615-0900,2,19
SM-18-20090615-0900,3,19
SM-18-20090615-0900,4,19
SM-18-20090615-0900,5,19
SM-136-20090622-1000,1,18
SM-136-20090622-1000,2,19
SM-136-20090622-1000,3,19
SM-136-20090622-1000,4,19
SM-136-20090622-1000,5,19
GC-787-20090701-1332,1,18
GC-787-20090701-1332,2,19
GC-743-20090704-0910,1,18
ST-245-20090712-2030,1,18
ST-245-20090712-2030,2,19
ST-245-20090712-2030,3,19
ST-245-20090712-2030,4,19
GC-743-20090715-2150,1,18
GC-743-20090715-2150,2,19
UNKEYED-02d6ec4cdad0,1,18
UNKEYED-02d6ec4cdad0,2,19
EI-243-20090802-0930,1,18
EI-243-20090802-0930,2,19
EI-243-20090802-0930,3,19
EI-243-20090802-0930,4,19
GC-858-20090804-1130,1,18
GC-858-20090804-1130,2,19
UNKEYED-80bbe9a5d121,1,18
UNKEYED-80bbe9a5d121,2,19
UNKEYED-80bbe9a5d121,3,19
MU-739-20090822-1030,1,18
MU-739-20090822-1030,2,19
VR-267-20090826-1311,1,18
VR-267-20090826-1311,2,19
EB-643-20090827-0900,1,18
EB-643-20090827-0900,2,19
EB-643-20090827-0900,3,19
GC-787-20090831-1624,1,18
GC-787-20090831-1624,2,19
HI-20090902-0555,1,18
HI-20090902-0555,2,19
GC-782-20090907-1145,1,18
GC-782-20090907-1145,2,19
UNKEYED-dbd10f3a2ecb,1,18
UNKEYED-dbd10f3a2ecb,2,19
UNKEYED-dbd10f3a2ecb,3,19
UNKEYED-dbd10f3a2ecb,4,19
WR-543-20090915-2000,1,18
WR-543-20090915-2000,2,19
WR-543-20090915-2000,3,19
UNKEYED-13e74f9afe44,1,18
UNKEYED-13e74f9afe44,2,19
UNKEYED-0495f4451b88,1,18
UNKEYED-0495f4451b88,2,19
EI-238-20091004-1515,1,18
EI-238-20091004-1515,2,19
UNKEYED-3069d249810d,1,18
UNKEYED-3069d249810d,2,19
UNKEYED-3069d249810d,3,19
UNKEYED-3069d249810d,4,19
UNKEYED-2ff79b6d37a2,1,18
UNKEYED-2ff79b6d37a2,2,19
UNKEYED-2ff79b6d37a2,3,19
UNKEYED-2ff79b6d37a2,4,19
UNKEYED-2ff79b6d37a2,5,19
GC-512-20091023-1045,1,18
GC-512-20091023-1045,2,19
GC-512-20091023-1045,3,19
UNKEYED-9494b7e7a16c,1,18
UNKEYED-9494b7e7a16c,2,19
UNKEYED-9494b7e7a16c,3,19
UNKEYED-83285068ed56,1,18
UNKEYED-83285068ed56,2,19
UNKEYED-b17ffe0f7e65,1,18
UNKEYED-b17ffe0f7e65,2,19
UNKEYED-95bcafaf5818,1,18
UNKEYED-95bcafaf5818,2,19
UNKEYED-51be4b52a5cd,1,18
UNKEYED-51be4b52a5cd,2,19
UNKEYED-51be4b52a5cd,3,19
UNKEYED-51be4b52a5cd,4,19
UNKEYED-51be4b52a5cd,5,19
UNKEYED-95bfc2ec46fe,1,18
UNKEYED-95bfc2ec46fe,2,19
UNKEYED-95bfc2ec46fe,3,19
UNKEYED-95bfc2ec46fe,4,19
UNKEYED-fcf9c5ad6000,1,18
UNKEYED-fcf9c5ad6000,2,19
UNKEYED-fcf9c5ad6000,3,19
UNKEYED-fcf9c5ad6000,4,19
UNKEYED-fcf9c5ad6000,5,19
UNKEYED-fcf9c5ad6000,6,19
UNKEYED-78a34e923027,1,18
UNKEYED-78a34e923027,2,19
UNKEYED-e3833d3c6d26,1,18
UNKEYED-e3833d3c6d26,2,19
UNKEYED-e3833d3c6d26,3,19
UNKEYED-e3833d3c6d26,4,19
UNKEYED-29886c866616,1,18
UNKEYED-29886c866616,2,19
UNKEYED-29886c866616,3,19
UNKEYED-29886c866616,4,19
UNKEYED-29886c866616,5,19
UNKEYED-29886c866616,6,19
UNKEYED-29886c866616,7,19
UNKEYED-5772bf2d6142,1,18
UNKEYED-5772bf2d6142,2,19
UNKEYED-5772bf2d6142,3,19
UNKEYED-5772bf2d6142,4,19
UNKEYED-5772bf2d6142,5,19
UNKEYED-5772bf2d6142,6,19
UNKEYED-5772bf2d6142,7,19
WR-543-20091208-1300,1,18
WR-543-20091208-1300,2,19
UNKEYED-e49f19e46ece,1,18
UNKEYED-e49f19e46ece,2,19
UNKEYED-6b53104ffcb5,1,18
UNKEYED-6b53104ffcb5,2,19
UNKEYED-8ef4b7d7462e,1,18
UNKEYED-8ef4b7d7462e,2,19
EC-194-20091219-1400,1,18
EC-194-20091219-1400,2,19
EC-194-20091219-1400,3,19
EC-194-20091219-1400,4,19
EC-194-20091219-1400,5,19
EC-194-20091219-1400,6,19
EC-194-20091219-1400,7,19
EC-194-20091219-1400,8,19
EC-194-20091219-1400,9,19
EC-194-20091219-1400,10,19
GC-432-20241110-0145,1,18
GC-432-20241110-0145,2,19
UNKEYED-84a5c8b61625,1,18
UNKEYED-84a5c8b61625,2,19
UNKEYED-84a5c8b61625,3,19
UNKEYED-84a5c8b61625,4,19
UNKEYED-84a5c8b61625,5,19
UNKEYED-1e5efb5f4b8d,1,18
UNKEYED-1e5efb5f4b8d,2,19
UNKEYED-2e1d12dcec11,1,18
UNKEYED-2e1d12dcec11,2,19
UNKEYED-2e1d12dcec11,3,19
UNKEYED-2e1d12dcec11,4,19
GC-244-20100123-2145,1,18
GC-244-20100123-2145,2,19
GC-244-20100123-2145,3,19
UNKEYED-5a02678380bb,1,18
UNKEYED-5a02678380bb,2,19
UNKEYED-5a69fdbfeb8e,1,18
UNKEYED-5a69fdbfeb8e,2,19
UNKEYED-5a69fdbfeb8e,3,19
UNKEYED-5a69fdbfeb8e,4,19
EC-321-20100206-0630,1,18
EC-321-20100206-0630,2,19
EC-321-20100206-0630,3,19
EC-321-20100206-0630,4,19
EC-321-20100206-0630,5,19
SS-349-20100215-0625,1,18
SS-349-20100215-0625,2,19
GC-469-20100219-1905,1,18
GC-469-20100219-1905,2,19
GC-469-20100219-1905,3,19
GC-817-20100227-2140,1,18
GC-817-20100227-2140,2,19
UNKEYED-29bbcc04bcf1,1,18
UNKEYED-29bbcc04bcf1,2,19
UNKEYED-29bbcc04bcf1,3,19
EC-346-20100310-0140,1,18
EC-346-20100310-0140,2,19
EC-346-20100310-0140,3,19
EC-346-20100310-0140,4,19
MC-540-20100312-1330,1,18
MC-540-20100312-1330,2,19
MC-540-20100312-1330,3,19
EI-208-20100402-1322,1,18
EI-208-20100402-1322,2,19
WR-543-20100407-1600,1,18
WR-543-20100407-1600,2,19
WR-543-20100412-2000,1,18
WR-543-20100412-2000,2,19
WR-543-20100412-2000,3,19
WR-543-20100412-2000,4,19
EI-20100417-1500,1,18
EI-20100417-1500,2,19
EI-20100417-1500,3,19
GC-338-20100422-0120,1,18
GC-338-20100422-0120,2,19
SS-202-20100426-1445,1,18
SS-202-20100426-1445,2,19
SS-181-20100514-0730,1,18
SS-181-20100514-0730,2,19
VR-398-20100521-1600,1,18
VR-398-20100521-1600,2,19
UNKEYED-90601dfd1ef7,1,18
UNKEYED-90601dfd1ef7,2,19
UNKEYED-90601dfd1ef7,3,19
UNKEYED-90601dfd1ef7,4,19
UNKEYED-bb49745cc61c,1,18
UNKEYED-bb49745cc61c,2,19
UNKEYED-8d01e9556a6d,1,18
UNKEYED-8d01e9556a6d,2,19
UNKEYED-8d01e9556a6d,3,19
EI-354-20100807-1747,1,18
EI-354-20100807-1747,2,19
EI-354-20100807-1747,3,19
EI-354-20100807-1747,4,19
UNKEYED-4a9bf3ad9070,1,18
UNKEYED-4a9bf3ad9070,2,19
EW-826-20100830-1000,1,18
EW-826-20100830-1000,2,19
UNKEYED-65308a371622,1,18
UNKEYED-65308a371622,2,19
UNKEYED-bd641454b87e,1,18
UNKEYED-bd641454b87e,2,19
UNKEYED-bd641454b87e,3,19
UNKEYED-bd641454b87e,4,19
UNKEYED-3d1590fb646f,1,18
UNKEYED-3d1590fb646f,2,19
UNKEYED-3d1590fb646f,3,19
UNKEYED-3d1590fb646f,4,19
UNKEYED-3d1590fb646f,5,19
UNKEYED-3d1590fb646f,6,19
EB-164-20100929-1845,1,18
EB-164-20100929-1845,2,19
UNKEYED-4d4f278c1ab0,1,18
UNKEYED-4d4f278c1ab0,2,19
UNKEYED-4d4f278c1ab0,3,19
UNKEYED-4d4f278c1ab0,4,19
UNKEYED-4d4f278c1ab0,5,19
UNKEYED-7466eb877c3a,1,18
UNKEYED-7466eb877c3a,2,19
UNKEYED-7466eb877c3a,3,19
UNKEYED-17591ff980ab,1,18
UNKEYED-17591ff980ab,2,19
UNKEYED-17591ff980ab,3,19
UNKEYED-698f7a0b942b,1,18
UNKEYED-698f7a0b942b,2,19
UNKEYED-abadb99e97f2,1,18
UNKEYED-abadb99e97f2,2,19
UNKEYED-29809623ff7f,1,18
UNKEYED-29809623ff7f,2,19
UNKEYED-29809623ff7f,3,19
UNKEYED-29809623ff7f,4,19
UNKEYED-29809623ff7f,5,19
UNKEYED-29809623ff7f,6,19
UNKEYED-29809623ff7f,7,19
HI-5-20240711-0730,1,18
HI-5-20240711-0730,2,18
HI-5-20240711-0730,3,19
HI-5-20240711-0730,4,19
HI-5-20240711-0730,5,19
SM-6636-1100,1,18
SM-6636-1100,2,19
UNKEYED-9a0160f1ea78,1,18
UNKEYED-9a0160f1ea78,2,19
UNKEYED-9a0160f1ea78,3,19
UNKEYED-c6dcd98f450b,1,18
UNKEYED-c6dcd98f450b,2,19
UNKEYED-af35dbc9da75,1,18
UNKEYED-af35dbc9da75,2,19
UNKEYED-02284f005a77,1,18
UNKEYED-02284f005a77,2,19
UNKEYED-c6f628663ff9,1,18
UNKEYED-c6f628663ff9,2,19
UNKEYED-fb9c492d32e4,1,18
UNKEYED-fb9c492d32e4,2,19
ST-291-20110429-0900,1,18
ST-291-20110429-0900,2,19
UNKEYED-298d1d54daad,1,18
UNKEYED-298d1d54daad,2,19
UNKEYED-298d1d54daad,3,19
UNKEYED-298d1d54daad,4,19
EI-175-20110510-0930,1,18
EI-175-20110510-0930,2,19
UNKEYED-27e150785bf0,1,18
UNKEYED-27e150785bf0,2,18
UNKEYED-27e150785bf0,3,18
UNKEYED-27e150785bf0,4,19
UNKEYED-27e150785bf0,5,19
UNKEYED-27e150785bf0,6,19
UNKEYED-27e150785bf0,7,19
UNKEYED-3e0634a006cb,1,18
UNKEYED-3e0634a006cb,2,19
UNKEYED-3e0634a006cb,3,19
UNKEYED-255996055f9d,1,18
UNKEYED-255996055f9d,2,19
UNKEYED-255996055f9d,3,19
UNKEYED-255996055f9d,4,19
MI-20110613-1045,1,18
MI-20110613-1045,2,19
UNKEYED-cf445ebc1a8e,1,18
UNKEYED-cf445ebc1a8e,2,19
UNKEYED-cf445ebc1a8e,3,19
UNKEYED-127c3a98a347,1,18
UNKEYED-0c3cc0769f1f,1,18
UNKEYED-0c3cc0769f1f,2,19
UNKEYED-0c3cc0769f1f,3,19
UNKEYED-0c3cc0769f1f,4,19
VR-369-20110731-0749,1,18
VR-369-20110731-0749,2,19
VR-369-20110731-0749,3,19
VR-369-20110731-0749,4,19
VR-369-20110731-0749,5,19
UNKEYED-c6be28170278,1,19
GB-72-20110829-0545,1,18
GB-72-20110829-0545,2,18
GB-72-20110829-0545,3,18
GB-72-20110829-0545,4,19
UNKEYED-a0ede35dde91,1,18
UNKEYED-a0ede35dde91,2,18
UNKEYED-a0ede35dde91,3,19
UNKEYED-a0ede35dde91,4,19
UNKEYED-a0ede35dde91,5,19
UNKEYED-a0ede35dde91,6,19
UNKEYED-a0ede35dde91,7,19
UNKEYED-6bea45fed113,1,18
UNKEYED-6bea45fed113,2,19
UNKEYED-6bea45fed113,3,19
UNKEYED-6bea45fed113,4,19
UNKEYED-6bea45fed113,5,19
UNKEYED-ae6f15692e68,1,18
UNKEYED-ae6f15692e68,2,18
UNKEYED-ae6f15692e68,3,19
UNKEYED-ab1367b7f872,1,18
UNKEYED-ab1367b7f872,2,19
UNKEYED-ab1367b7f872,3,19
UNKEYED-ab1367b7f872,4,19
UNKEYED-ab1367b7f872,5,19
UNKEYED-327dacb1e875,1,18
UNKEYED-327dacb1e875,2,19
UNKEYED-327dacb1e875,3,19
UNKEYED-327dacb1e875,4,19
SM-130-0330,1,18
SM-130-0330,2,19
WC-294-0100,1,18
WC-294-0100,2,19
WC-294-0100,3,19
WC-294-0100,4,19
WC-294-0100,5,19
616-20111101-1513,1,18
616-20111101-1513,2,19
UNKEYED-d8aaf432f6bc,1,18
UNKEYED-d8aaf432f6bc,2,19
MC-109-20111229,1,18
MC-109-20111229,2,19
SM-6524-20060812-1000,1,18
SM-6524-20060812-1000,2,19
LA-6862-20081212-0750,1,18
LA-6862-20081212-0750,2,19
SM-10-0420,1,18
SM-10-0420,2,19
SS-189-20240313-2010,1,18
SS-189-20240313-2010,2,18
SS-189-20240313-2010,3,19
UNKEYED-db53a54fcc91,1,18
UNKEYED-db53a54fcc91,2,19
UNKEYED-db53a54fcc91,3,19
EI-120-20120715-0730,1,18
EI-120-20120715-0730,2,19
WR-29-20240216-1335,1,18
WR-29-20240216-1335,2,18
WR-29-20240216-1335,3,19
6659-20040216-0748,1,18
6659-20040216-0748,2,19
UNKEYED-fb1700c9389f,1,18
UNKEYED-fb1700c9389f,2,19
GC-478-20240118-1303,1,18
GC-478-20240118-1303,2,18
GC-478-20240118-1303,3,19
MC-778-20230218-2127,1,18
MC-778-20230218-2127,2,19
LA-6912-20230618-1835,1,18
LA-6912-20230618-1835,2,18
LA-6912-20230618-1835,3,19
UNKEYED-ee2f98980408,1,18
UNKEYED-ee2f98980408,2,18
UNKEYED-ee2f98980408,3,19
UNKEYED-ee2f98980408,4,19
UNKEYED-ee2f98980408,5,19
SS-224-20240720-2200,1,18
SS-224-20240720-2200,2,18
SS-224-20240720-2200,3,19
HI-547 B-20230105-1730,1,18
HI-547 B-20230105-1730,2,19
AC-857-20230103-2217,1,18
AC-857-20230103-2217,2,19
EI-251-20170720-1645,1,18
EI-251-20170720-1645,2,19
SM-50-20120620-1255,1,18
SM-50-20120620-1255,2,19
WR-758-20230321-0230,1,18
WR-758-20230321-0230,2,19
GC-389-20240422-0815,1,18
GC-389-20240422-0815,2,18
GC-389-20240422-0815,3,19
LB-6438-20120922,1,18
LB-6438-20120922,2,18
LB-6438-20120922,3,18
LB-6438-20120922,4,19
LB-6438-20120922,5,19
LB-6438-20120922,6,19
LB-6438-20120922,7,19
EI-364-20120622-0900,1,18
EI-364-20120622-0900,2,19
SM-6683-20040725-1700,1,18
SM-6683-20040725-1700,2,19
LA-6658-20060727-1200,1,18
LA-6658-20060727-1200,2,19
SM-6374-20080627-1233,1,18
SM-6374-20080627-1233,2,19
WR-51-20240328-2200,1,18
WR-51-20240328-2200,2,18
WR-51-20240328-2200,3,19
WR-51-20240328-2200,4,19
MC-243-20120429-1400,1,18
MC-243-20120429-1400,2,18
MC-243-20120429-1400,3,18
MC-243-20120429-1400,4,19
MC-243-20120429-1400,5,19
GC-468-20230531-0900,1,18
GC-468-20230531-0900,2,18
GC-468-20230531-0900,3,19
GC-468-20230531-0900,4,19
GC-468-20230531-0900,5,19
GC-468-20230531-0900,6,19
GC-52-20240531-0100,1,18
GC-52-20240531-0100,2,18
GC-52-20240531-0100,3,18
GC-52-20240531-0100,4,19
LA-6709-20040131-1410,1,18
LA-6709-20040131-1410,2,19
EI-338-20170531-1410,1,18
EI-338-20170531-1410,2,19
EI-338-20170531-1410,3,19
EI-338-20170531-1410,4,19
EI-338-20170531-1410,5,19
EI-338-20170531-1410,6,19
EI-338-20170531-1410,7,19
EI-338-20170531-1410,8,19
EI-338-20170531-1410,9,19
EI-338-20170531-1410,10,19
GI-22-20120304-1900,1,18
GI-22-20120304-1900,2,19
SM-132-20120707-1415,1,18
SM-132-20120707-1415,2,19
GI-43-20120708-1030,1,18
GI-43-20120708-1030,2,19
AC-337-20241012-0540,1,18
AC-337-20241012-0540,2,19
AC-337-20241012-0540,3,19
AC-337-20240927-0200,1,18
AC-337-20240927-0200,2,19
AC-735-20231208-0845,1,18
AC-735-20231208-0845,2,19
AC-735-20231208-0845,3,19
AC-857-20241003-0900,1,18
AC-857-20241003-0900,2,19
AC-857-20230904-1320,1,18
AC-857-20230904-1320,2,19
AC-857-20230621-0920,1,18
AC-857-20230621-0920,2,19
AC-25-20260224-1715,1,18
AC-25-20260224-1715,2,19
BM-3-20250805-0740,1,18
BM-3-20250805-0740,2,18
BM-3-20250805-0740,3,19
BM-3-20250805-0740,4,19
BM-3-20250805-0740,5,19
MP-42-20221108-0645,1,18
MP-42-20221108-0645,2,19
EB-602-20250521-1345,1,18
EB-602-20250521-1345,2,18
EB-602-20250521-1345,3,18
EB-602-20250521-1345,4,18
EB-602-20250521-1345,5,18
EB-602-20250521-1345,6,18
EB-602-20250521-1345,7,18
EB-602-20250521-1345,8,19
EC-338-20251207-2330,1,18
EC-338-20251207-2330,2,19
EC-71-20230525-0115,1,18
EC-71-20230525-0115,2,19
EI-158-20230921-0100,1,18
EI-158-20230921-0100,2,18
EI-158-20230921-0100,3,19
EI-158-20230921-0100,4,19
EI-252-20230820-1000,1,18
EI-252-20230820-1000,2,19
EI-259-20251003-1230,1,18
EI-259-20251003-1230,2,19
EI-259-20231013-1745,1,18
EI-259-20231013-1745,2,19
EI-259-20231013-1745,3,19
EI-259-20231013-1745,4,19
EI-307-20250317-2140,1,18
EI-307-20250317-2140,2,19
EI-307-20250317-2140,3,19
EI-307-20250317-2140,4,19
EI-307-20250317-2140,5,19
GB-215-20250717-0752,1,18
GB-215-20250717-0752,2,18
GB-215-20250717-0752,3,19
GB-215-20250717-0752,4,19
MC-773-20250716-1810,1,18
MC-773-20250716-1810,2,18
MC-773-20250716-1810,3,18
MC-773-20250716-1810,4,19
MC-773-20250716-1810,5,19
VR-38-20250712-1530,1,18
VR-38-20250712-1530,2,18
VR-38-20250712-1530,3,19
WR-249-20250428-1022,1,18
WR-249-20250428-1022,2,19
WR-249-20250428-1022,3,19
WR-249-20250428-1022,4,19
EW-834-20260204-1705,1,18
EW-834-20260204-1705,2,18
EW-834-20260204-1705,3,18
EW-834-20260204-1705,4,19
EW-834-20260204-1705,5,19
EW-834-20260204-1705,6,19
EW-910-20260209-0608,1,18
EW-910-20260209-0608,2,18
EW-910-20260209-0608,3,19
EW-910-20260209-0608,4,19
GA-A 244-20240207-0855,1,18
GA-A 244-20240207-0855,2,18
GA-A 244-20240207-0855,3,18
GA-A 244-20240207-0855,4,19
GA-A 244-20240207-0855,5,19
GA-A 244-20240207-0855,6,19
GB-259-20250602-2230,1,18
GB-259-20250602-2230,2,19
GB-259-20250602-2230,3,19
GB-259-20250602-2230,4,19
GB-668-20241115-0837,1,18
GB-959-20250803-1934,1,18
GB-959-20250803-1934,2,19
GB-959-20251014-0510,1,18
GB-959-20251014-0510,2,18
GB-959-20251014-0510,3,19
GB-959-20251014-0510,4,19
GB-959-20251014-0510,5,19
GB-216-20230421-1200,1,18
GB-216-20230421-1200,2,19
GB-506-20240320-0700,1,18
GB-506-20240320-0700,2,19
GC-205-20220913-1245,1,18
GC-205-20220913-1245,2,18
GC-205-20220913-1245,3,19
GC-237-20251201-1843,1,18
GC-237-20251201-1843,2,19
GC-432-20250217-1645,1,18
GC-432-20250217-1645,2,18
GC-432-20250217-1645,3,19
GC-584-20241225-1330,1,18
GC-584-20241225-1330,2,18
GC-584-20241225-1330,3,18
GC-584-20241225-1330,4,19
GC-608-20250115-1000,1,18
GC-608-20250115-1000,2,19
GC-868-20250508-0430,1,18
GC-868-20250508-0430,2,18
GC-868-20250508-0430,3,18
GC-868-20250508-0430,4,19
GI-47-20250425-1330,1,18
GI-47-20250425-1330,2,18
GI-47-20250425-1330,3,18
GI-47-20250425-1330,4,18
GI-47-20250425-1330,5,19
GI-48-20260505-0300,1,18
GI-48-20260505-0300,2,18
GI-48-20260505-0300,3,19
HI-A 379-20230904-0900,1,18
HI-A 379-20230904-0900,2,18
HI-A 379-20230904-0900,3,18
HI-A 379-20230904-0900,4,18
HI-A 379-20230904-0900,5,18
HI-A 379-20230904-0900,6,18
HI-A 379-20230904-0900,7,19
HI-A 382-20230602-1230,1,18
HI-A 382-20230602-1230,2,19
MC-127-20250509-1530,1,18
MC-127-20250509-1530,2,18
MC-127-20250509-1530,3,18
MC-127-20250509-1530,4,18
MC-127-20250509-1530,5,19
MC-127-20231021-1304,1,18
MC-127-20231021-1304,2,18
MC-127-20231021-1304,3,18
MC-127-20231021-1304,4,19
MC-243-20260409-0800,1,18
MC-243-20260409-0800,2,19
MC-243-20260409-0800,3,19
MC-300-20250328-1643,1,18
MC-300-20250328-1643,2,19
MC-300-20250529-1046,1,18
MC-300-20250529-1046,2,19
MC-300-20250529-1046,3,19
MC-391-20240305-0415,1,18
MC-391-20240305-0415,2,19
MC-474-20250208-0700,1,18
MC-474-20250208-0700,2,19
MC-520-20230607-1100,1,18
MC-520-20230607-1100,2,18
MC-520-20230607-1100,3,19
MC-520-20230607-1100,4,19
MC-547-20231224-0743,1,18
MC-582-20250416-1500,1,18
MC-582-20250416-1500,2,18
MC-582-20250416-1500,3,18
MC-582-20250416-1500,4,19
MC-607-20240319-1330,1,18
MC-607-20240319-1330,2,19
MC-727-20240605-1538,1,18
MC-727-20240605-1538,2,19
MC-759-20260220-1246,1,18
MC-759-20260220-1246,2,19
MC-759-20260220-1246,3,19
MC-807-20230224-1115,1,18
MC-807-20230224-1115,2,18
MC-807-20230224-1115,3,19
MC-807-20230224-1115,4,19
MC-807-20250503-1730,1,18
MC-807-20250503-1730,2,18
MC-807-20250503-1730,3,18
MC-807-20250503-1730,4,19
MC-807-20250503-1730,5,19
MC-807-20250503-1730,6,19
MC-807-20230106-1300,1,18
MC-809-20250223-0830,1,18
MC-809-20250223-0830,2,18
MC-809-20250223-0830,3,18
MC-809-20250223-0830,4,19
MC-854-20230321-1645,1,18
MC-854-20230321-1645,2,18
MC-854-20230321-1645,3,19
MC-854-20230321-1645,4,19
MC-854-20230321-1645,5,19
MC-899-20240213-2035,1,18
MC-899-20240213-2035,2,18
MC-899-20240213-2035,3,18
MC-899-20240213-2035,4,18
MC-899-20240213-2035,5,19
MC-899-20240213-2035,6,19
MC-899-20240213-2035,7,19
MC-899-20240213-2035,8,19
MC-941-20230510-0933,1,18
MC-941-20230619-0800,1,18
MC-941-20230619-0800,2,19
MO-916-20231122-1130,1,18
MO-916-20231122-1130,2,19
MP-153-20250503-0830,1,18
MP-153-20250503-0830,2,18
MP-153-20250503-0830,3,18
MP-153-20250503-0830,4,19
MP-153-20250503-0830,5,19
MP-252-20250824-1530,1,18
MP-252-20250824-1530,2,19
MP-270-20230703-1545,1,18
MP-270-20230703-1545,2,19
MP-298-20260524-1138,1,18
MP-298-20260524-1138,2,18
MP-298-20260524-1138,3,18
MP-298-20260524-1138,4,19
MP-298-20260524-1138,5,19
MP-300-20251126-1239,1,18
MP-300-20251126-1239,2,18
MP-300-20251126-1239,3,19
MP-300-20251126-1239,4,19
MP-300-20251126-1239,5,19
MP-311-20230312-1630,1,18
MP-311-20230312-1630,2,18
MP-311-20230312-1630,3,19
MP-311-20230312-1630,4,19
MP-42-20250427-1520,1,18
MP-42-20250427-1520,2,19
MU-85-20260517-1515,1,18
MU-85-20260517-1515,2,19
SM-128-20240116-0252,1,18
SM-128-20240116-0252,2,19
SM-130-20230204-1405,1,18
SM-130-20230204-1405,2,19
SM-130-20230204-1405,3,19
SM-130-20230204-1405,4,19
SM-130-20230204-1405,5,19
SM-130-20230204-1405,6,19
SM-130-20221114-0840,1,18
SM-130-20221114-0840,2,19
SM-130-20231215-0520,1,18
SM-130-20231215-0520,2,19
SM-130-20231215-0520,3,19
SM-130-20231215-0520,4,19
SM-281-20230909-1600,1,18
SM-281-20230909-1600,2,18
SM-281-20230909-1600,3,19
SM-130-20230512-1605,1,18
SM-130-20230512-1605,2,19
SM-130-20230512-1605,3,19
SM-130-20240225-0930,1,18
SM-130-20240225-0930,2,18
SM-130-20240225-0930,3,19
SM-130-20240225-0930,4,19
SM-130-20240225-0930,5,19
SM-160-20240921-1630,1,18
SM-160-20240921-1630,2,19
SP-27-20250718-0730,1,18
SP-27-20250718-0730,2,18
SP-27-20250718-0730,3,18
SP-27-20250718-0730,4,19
SP-27-20260330-0935,1,18
SP-27-20260330-0935,2,18
SP-27-20260330-0935,3,19
SP-27-20260330-0935,4,19
SP-28-20230921-0745,1,18
SP-28-20230921-0745,2,19
SP-49-20250730-1310,1,18
SP-49-20250730-1310,2,18
SP-49-20250730-1310,3,18
SP-49-20250730-1310,4,19
SP-49-20250730-1310,5,19
SP-49-20250730-1310,6,19
SP-49-20250730-1310,7,19
SP-62-20251103-1205,1,18
SP-62-20251103-1205,2,18
SP-62-20251103-1205,3,19
SP-83-20230921-1505,1,18
SP-83-20230921-1505,2,18
SP-83-20230921-1505,3,19
SP-83-20230921-1505,4,19
SS-224-20230131-1045,1,18
SS-224-20230131-1045,2,19
SS-229-20260418-0640,1,18
SS-229-20260418-0640,2,19
SS-72-20211213-1115,1,18
SS-72-20211213-1115,2,19
SS-80-20250307-0815,1,18
SS-80-20250307-0815,2,18
SS-80-20250307-0815,3,18
SS-80-20250307-0815,4,18
SS-80-20250307-0815,5,19
ST-229-20250509-0900,1,18
ST-229-20250509-0900,2,18
ST-229-20250509-0900,3,18
ST-229-20250509-0900,4,19
ST-229-20250509-0900,5,19
ST-229-20250509-0900,6,19
ST-229-20250509-0900,7,19
ST-26-20260325-1550,1,18
ST-26-20260325-1550,2,19
ST-26-20260325-1550,3,19
ST-26-20260325-1550,4,19
ST-52-20260314-0936,1,18
ST-52-20260314-0936,2,19
ST-23-20240129-1900,1,18
ST-23-20240129-1900,2,19
VK-817-20250816-0530,1,18
VK-817-20250816-0530,2,18
VK-817-20250816-0530,3,19
VK-817-20250816-0530,4,19
VK-817-20250816-0530,5,19
VK-900-20230722-1300,1,18
VK-900-20230722-1300,2,19
VK-915-20241124-1710,1,18
VK-915-20241124-1710,2,18
VK-915-20250504-0445,1,18
VK-915-20250504-0445,2,18
VK-915-20250504-0445,3,19
VK-989-20241202-0830,1,18
VK-989-20241202-0830,2,18
VK-989-20241202-0830,3,19
VK-989-20260108-0845,1,18
VK-989-20260108-0845,2,18
VK-989-20260108-0845,3,18
VK-989-20260108-0845,4,19
VK-989-20260108-0845,5,19
VR-170-20230703-1500,1,18
VR-170-20230703-1500,2,19
VR-170-20240811-1910,1,18
VR-170-20240811-1910,2,19
VR-369-20240404-2230,1,18
VR-369-20240404-2230,2,19
VR-369-20240404-2230,3,19
VR-369-20240404-2230,4,19
HI-A 379 B-20240221-1319,1,18
HI-A 379 B-20240221-1319,2,18
HI-A 379 B-20240221-1319,3,18
HI-A 379 B-20240221-1319,4,19
HI-A 379 B-20240221-1319,5,19
GB-783-20260307-2200,1,18
GB-783-20260307-2200,2,19
WC-33-20230810-1735,1,18
WC-33-20230810-1735,2,19
WC-33-20230810-1735,3,19
WC-498-20260502-0215,1,18
WC-498-20260502-0215,2,19
WD-152-20250827-1045,1,18
WD-152-20250827-1045,2,19
WD-152-20250827-1045,3,19
WD-152-20250827-1045,4,19
WD-73-20230217-0430,1,18
WD-73-20230217-0430,2,19
WD-90-20250421-1930,1,18
WD-90-20250421-1930,2,19
WR-425-20260411-0345,1,18
WR-425-20260411-0345,2,19
WR-51-20230107-1920,1,18
WR-51-20230107-1920,2,19
WR-718-20251105-1623,1,18
WR-718-20251105-1623,2,19
AC-25-20140222-1630,1,18
AC-25-20140222-1630,2,19
AC-475-20160312-1006,1,18
AC-475-20160312-1006,2,19
AC-475-20151213-1637,1,18
AC-475-20151213-1637,2,19
AC-728-20180316-1630,1,18
AC-728-20180316-1630,2,19
AC-772-20170225-0430,1,18
AC-772-20170225-0430,2,19
AC-815-20220401,1,18
AC-815-20220401,2,19
AC-857-20140613-0800,1,18
AC-857-20140613-0800,2,18
AC-857-20140613-0800,3,19
AC-857-20140613-0800,4,19
AC-857-20211029-1000,1,18
AC-857-20211029-1000,2,19
AC-857-20211029-1000,3,19
AC-857-20211029-1000,4,19
AC-857-20211029-1000,5,19
AC-857-20211029-1000,6,19
AC-857-20211029-1000,7,19
AC-857-20160505-1339,1,18
AC-857-20160505-1339,2,19
AC-857-20160206-1815,1,18
AC-857-20160206-1815,2,19
AC-857-20160208-1315,1,18
AC-857-20160208-1315,2,19
AC-857-20151112-0100,1,18
AC-857-20151112-0100,2,19
AC-857-20140211-1945,1,18
AC-857-20140211-1945,2,19
AC-25-20210718-0930,1,18
AC-25-20210718-0930,2,19
AC-380-20200929-1715,1,18
AC-380-20200929-1715,2,19
AC-380-20200929-1715,3,19
AC-815-20210717,1,18
AC-815-20210717,2,19
AC-857-20180712-2215,1,18
AC-857-20180712-2215,2,19
AC-857-20210426-0100,1,18
AC-857-20210426-0100,2,18
AC-857-20210426-0100,3,19
AC-815-20220318-1800,1,18
AC-815-20220318-1800,2,19
EB-602-20220123,1,18
EB-602-20220123,2,19
MC-82-20211203-1300,1,18
MC-82-20211203-1300,2,19
MC-82-20211203-1300,3,19
SS-229-20120708-0600,1,18
SS-229-20120708-0600,2,19
PL-11-1045,1,18
PL-11-1045,2,19
BA-20170426-0830,1,18
BA-20170426-0830,2,19
BA-20140206-1900,1,18
BA-20140206-1900,2,19
BA-133-20210525-0700,1,18
BA-133-20210525-0700,2,19
SM-23-20120805-0730,1,18
MC-778-20220606-1030,1,18
MC-778-20220608-1310,1,18
MC-778-20220608-1310,2,19
BS-54-20191006-1700,1,18
BS-54-20191006-1700,2,19
UNKEYED-9767fa537124,1,18
UNKEYED-9767fa537124,2,19
ST-177-20120712-0130,1,18
ST-177-20120712-0130,2,19
WR-634-20200921-2100,1,18
WR-634-20200921-2100,2,18
WR-634-20200921-2100,3,19
HI-472 A-20221021-0910,1,18
HI-472 A-20221021-0910,2,19
MP-73-20220130-0530,1,18
MP-73-20220127-1625,1,18
MP-73-20220127-1625,2,19
WD-74-20220729-0900,1,18
WD-74-20220729-0900,2,19
ST-26-20210314-1050,1,18
ST-26-20210314-1050,2,19
WD-109-20220406-1215,1,18
WD-109-20220406-1215,2,19
WD-109-20220406-1215,3,19
WD-109-20220406-1215,4,19
WD-31-20221119-0430,1,18
WD-73-20220619-0930,1,18
WD-73-20220619-0930,2,19
WD-73-20220619-0930,3,19
WD-73-20220225-0530,1,18
WD-73-20220225-0530,2,18
WD-73-20220225-0530,3,19
WD-74-20220513-0011,1,18
WD-74-20220513-0011,2,18
WD-74-20220513-0011,3,19
DC-398-20140814-2020,1,18
DC-398-20140814-2020,2,18
DC-398-20140814-2020,3,18
DC-398-20140814-2020,4,19
DC-398-20140814-2020,5,19
DC-398-20140814-2020,6,19
DC-4-20190625-2045,1,18
DC-4-20190625-2045,2,19
DC-757-2230,1,18
DC-757-2230,2,19
DC-4-20180430-2230,1,18
DC-4-20180430-2230,2,19
DC-4-20180430-2230,3,19
MP-260-20220624-1147,1,18
MP-260-20220624-1147,2,19
EB-110-20130918-1600,1,18
EB-110-20130918-1600,2,19
EB-110-20160921-1915,1,18
EB-110-20160921-1915,2,18
EB-110-20160921-1915,3,18
EB-110-20160921-1915,4,18
EB-110-20160921-1915,5,19
EB-159-20131103-1635,1,18
EB-159-20131103-1635,2,19
EB-159-20170118-0400,1,18
EB-159-20170118-0400,2,19
EB-159-20140105-1745,1,18
EB-160-20151201-2200,1,18
EB-160-20151201-2200,2,18
EB-160-20151201-2200,3,18
EB-160-20151201-2200,4,18
EB-160-20151201-2200,5,19
EB-160-20151103-1640,1,18
EB-160-20151103-1640,2,19
EB-160-20160205-0640,1,18
EB-160-20160205-0640,2,19
EB-160-20191209-0700,1,18
EB-160-20191209-0700,2,19
EB-160-20191209-0700,3,19
EB-160-20191209-0700,4,19
EB-165-20150509-1730,1,18
EB-165-20150509-1730,2,18
EB-165-20150509-1730,3,18
EB-165-20150509-1730,4,18
EB-165-20150509-1730,5,18
EB-165-20150509-1730,6,19
EB-165-20160124-1700,1,18
EB-165-20160124-1700,2,19
EB-165-20180509-0800,1,18
EB-165-20180509-0800,2,19
EB-602-20150321-1500,1,18
EB-602-20150321-1500,2,19
EB-602-20150110-1100,1,18
EB-602-20150110-1100,2,19
EB-602-20220910-1630,1,18
EB-602-20220910-1630,2,19
EB-602-20140919-1200,1,18
EB-602-20140919-1200,2,19
EB-602-20130624-0015,1,18
EB-602-20130624-0015,2,18
EB-602-20130624-0015,3,18
EB-602-20130624-0015,4,19
EB-602-20130421-0745,1,18
EB-602-20130421-0745,2,19
EB-643-20191213-1715,1,18
EB-643-20191213-1715,2,19
EB-643-20150921-1747,1,18
EB-643-20150921-1747,2,19
EB-690-20160116-1500,1,18
EB-690-20160116-1500,2,18
EB-690-20160116-1500,3,19
EB-945-20151203-0420,1,18
EB-945-20151203-0420,2,19
EB-110-20170810-1350,1,18
EB-110-20170810-1350,2,19
EC-172-20140730-1620,1,18
EC-172-20140730-1620,2,19
EC-321-20141025-1900,1,18
EC-321-20141025-1900,2,19
EC-321-20140617-2230,1,18
EC-321-20140617-2230,2,19
EC-328-20140623-1030,1,18
EC-328-20140623-1030,2,19
EC-346-20150221-0400,1,18
EC-346-20150221-0400,2,19
EC-346-20150221-0400,3,19
EC-37-1430,1,18
EC-37-1430,2,19
EC-37-1430,3,19
EC-381-20120810-1000,1,18
EC-381-20120810-1000,2,19
EC-381-20120810-1000,3,19
EC-381-20120810-1000,4,19
EC-381-20120810-1000,5,19
EC-381-20120810-1000,6,19
EC-64-20120728-0600,1,18
EC-64-20120728-0600,2,19
EC-64-20120728-0600,3,19
EC-64-20120728-0600,4,19
EC-64-20120728-0600,5,19
EC-64-20120728-0600,6,19
EC-64-20120728-0600,7,19
EI-100-20140913-0900,1,18
EI-100-20140301-2215,1,18
EI-100-20140301-2215,2,19
EI-107-0430,1,18
EI-107-0430,2,19
EI-11-20171019-2000,1,18
EI-11-20171019-2000,2,19
EI-133-1430,1,18
EI-133-1430,2,19
EI-193-20130330-1715,1,18
EI-208-20120819-1300,1,18
EI-208-20120819-1300,2,19
EI-208-20140214-1445,1,18
EI-208-20140214-1445,2,19
EI-208-20140214-1445,3,19
EI-24-20171128-1400,1,18
EI-24-20171128-1400,2,18
EI-24-20171128-1400,3,18
EI-24-20171128-1400,4,19
EI-252-20111116-1030,1,18
EI-252-20111116-1030,2,19
EI-252-20111116-1030,3,19
EI-257-20190808-0930,1,18
EI-259-2130,1,18
EI-259-2130,2,19
EI-259-20201021,1,18
EI-259-20150406-0630,1,18
EI-276-20140605-1400,1,18
EI-276-20120629-0830,1,18
EI-276-20120629-0830,2,19
EI-295-20130316-1300,1,18
EI-314-20160118-2135,1,18
EI-314-20160118-2135,2,19
EI-314-0900,1,18
EI-314-0900,2,19
EI-325-20120803-1014,1,18
EI-325-20120803-1014,2,19
EI-338-20170428-1651,1,18
EI-338-20170428-1651,2,19
EI-338-20170428-1651,3,19
EI-338-20130809-1915,1,18
EI-338-20130809-1915,2,19
EI-355-20141001-1700,1,18
EI-355-20141001-1700,2,19
EI-360-20211209,1,18
EI-360-20211209,2,19
EI-360-20211209,3,19
EI-360-20211209,4,19
EI-360-20210316-2030,1,18
EI-360-20210316-2030,2,18
EI-360-20210316-2030,3,19
EI-360-20210316-2030,4,19
EI-360-20210316-2030,5,19
EI-360-20210212-0900,1,18
EI-360-20210212-0900,2,18
EI-360-20210212-0900,3,19
EI-360-20210212-0900,4,19
EI-360-20210212-0900,5,19
EI-361-1301,1,18
EI-361-1301,2,19
EI-361-20200926,1,18
EI-361-20200926,2,19
EI-361-20200926,3,19
EI-361-20200926,4,19
EI-53-20190214-0730,1,18
EI-100-20190720-0830,1,18
EI-100-20190720-0830,2,19
EI-120-20190211-1640,1,18
EI-120-20190211-1640,2,19
EI-120-20190211-1640,3,19
EI-120-20171021-1415,1,18
EI-120-20171021-1415,2,19
EI-208-20180412-1530,1,18
EI-208-20180412-1530,2,18
EI-208-20180412-1530,3,18
EI-208-20180412-1530,4,19
EI-208-20180412-1530,5,19
EI-208-20180412-1530,6,19
EI-238-20200119-1400,1,18
EI-238-20200119-1400,2,19
EI-251-20170825,1,18
EI-251-20170825,2,19
EI-252-20200116-0530,1,18
EI-252-20200116-0530,2,19
EI-252-20200116-0530,3,19
EI-252-20200116-0530,4,19
EI-314-20180924-0800,1,18
EI-361-20180202-0750,1,18
EI-361-20180202-0750,2,19
EI-53-20180416-1145,1,18
EW-1003-20140409-2030,1,18
EW-1003-20140409-2030,2,18
EW-1003-20140409-2030,3,19
EW-305-20200427-0300,1,18
EW-305-20200427-0300,2,19
EW-826-20200705-1000,1,18
EW-826-20200705-1000,2,19
EW-873-20201116-0330,1,18
EW-873-20201116-0330,2,19
EW-910-20150311-0900,1,18
EW-910-20150311-0900,2,19
EW-921-20120817-1200,1,18
EW-921-20200202-1230,1,18
EW-834-20171126-0405,1,18
EW-834-20171126-0405,2,18
EW-834-20171126-0405,3,18
EW-834-20171126-0405,4,18
EW-834-20171126-0405,5,19
EW-834-20171126-0405,6,19
EW-834-20171126-0405,7,19
EW-834-20171126-0405,8,19
EW-873-20220303-0315,1,18
EW-873-20220303-0315,2,19
WD-73A-20110106,1,18
WD-80-20220110-0600,1,18
WD-80-20220110-0600,2,18
WD-80-20220110-0600,3,18
WD-80-20220110-0600,4,19
WD-80-20220110-0600,5,19
MP-299-20160529-1310,1,18
MP-299-20160529-1310,2,18
MP-299-20160529-1310,3,19
GB-72-20111226-1540,1,18
GB-72-20111226-1540,2,18
GB-72-20111226-1540,3,18
GB-72-20111226-1540,4,19
WD-73-20190320-1200,1,18
WD-73-20190320-1200,2,18
WD-73-20190320-1200,3,18
WD-73-20190320-1200,4,18
WD-73-20190320-1200,5,18
WD-73-20190320-1200,6,18
WD-73-20190320-1200,7,19
WD-73-20190320-1200,8,19
WD-73-20190320-1200,9,19
WD-73-20190320-1200,10,19
WD-73-20190320-1200,11,19
WD-73-20190320-1200,12,19
WD-73-20190320-1200,13,19
GB-128-20141118-1100,1,18
GB-128-20170919-1600,1,18
GB-128-20171108-0120,1,18
GB-128-20171108-0120,2,18
GB-128-20171108-0120,3,19
GB-128-20171108-0120,4,19
GB-128-20171108-0120,5,19
GB-161-20180314-1640,1,18
GB-161-20180314-1640,2,19
GB-172-20211010-2045,1,18
GB-172-20211010-2045,2,19
GB-172-20150629-1200,1,18
GB-172-20150629-1200,2,19
GB-189-20131213-0420,1,18
GB-189-20131213-0420,2,19
GB-189-20131213-0420,3,19
GB-213-20140523-2300,1,18
GB-213-20140523-2300,2,19
GB-216-20220519,1,18
GB-216-20220519,2,18
GB-216-20220519,3,19
GB-216-20220519,4,19
GB-216-20220519,5,19
GB-216-20220519,6,19
GB-260-20210204-0230,1,18
GB-260-20210204-0230,2,19
GB-386-20121208-0300,1,18
GB-386-20121208-0300,2,19
GB-426-20190331-1745,1,18
GB-426-20140219-2140,1,18
GB-426-20210403,1,18
GB-426-20210403,2,19
GB-426-20121220-0420,1,18
GB-426-20121220-0420,2,18
GB-426-20160425-1720,1,18
GB-426-20160425-1720,2,19
GB-426-20160425-1720,3,19
GB-426-20211210,1,18
GB-426-20211210,2,19
GB-426-20211210,3,19
GB-426-20220414,1,18
GB-426-20220414,2,19
GB-426-20220414,3,19
GB-426A-20211123,1,18
GB-426A-20211123,2,19
GB-426A-20211123,3,19
GB-427-20180625-0530,1,18
GB-427-20180625-0530,2,19
GB-427-20180625-0530,3,19
GB-427-20180625-0530,4,19
GB-427-20170529-0930,1,18
GB-427-20170529-0930,2,19
GB-427-20210110-1535,1,18
GB-427-20210110-1535,2,19
GB-427-20210110-1535,3,19
GB-427-20200928-1249,1,18
GB-427-20200928-1249,2,19
GB-427-20170607-0930,1,18
GB-427-20170607-0930,2,19
GB-668-1350,1,18
GB-668-1350,2,19
GB-783-2230,1,18
GB-783-2230,2,18
GB-783-2230,3,19
GB-783-2230,4,19
GB-783-2230,5,19
GB-958-20150323-0505,1,18
GB-958-20150323-0505,2,19
GB-962-20210328-0100,1,18
GB-962-20210328-0100,2,19
GB-978-20151028-0255,1,18
GB-978-20151028-0255,2,19
GB-1003-20200918-0640,1,18
GB-1003-20200918-0640,2,19
GB-128-20200202-1600,1,18
GB-128-20200202-1600,2,18
GB-128-20200202-1600,3,19
GB-128-20200202-1600,4,19
GB-128-20200202-1600,5,19
GB-128-20200202-1600,6,19
GB-128-20200202-1600,7,19
GB-491-20191122-0934,1,18
GB-491-20191122-0934,2,19
GB-491-20191122-0934,3,19
GB-216-20160217-1715,1,18
GB-216-20160217-1715,2,19
GC-113-20140102-0217,1,18
GC-113-20140102-0217,2,19
GC-113-20140102-0217,3,19
GC-113-20140102-0217,4,19
GC-113-20140102-0217,5,19
GC-155-20140924-0600,1,18
GC-155-20140924-0600,2,18
GC-155-20140924-0600,3,19
GC-155-20140924-0600,4,19
GC-158-20190331-0800,1,18
GC-158-20190331-0800,2,19
GC-18-20200813-1620,1,18
GC-18-20200813-1620,2,19
GC-19-20120810-1035,1,18
GC-19-20120810-1035,2,18
GC-237-20141016-2250,1,18
GC-237-20141016-2250,2,19
GC-237-20140718-1140,1,18
GC-237-20140718-1140,2,19
GC-237-20140718-1140,3,19
GC-245-2230,1,18
GC-245-2230,2,19
GC-245-2230,3,19
GC-248-20140609-1635,1,18
GC-248-20140609-1635,2,18
GC-254-20181223-1800,1,18
GC-254-20181223-1800,2,19
GC-281-20210604-0930,1,18
GC-281-20210604-0930,2,19
GC-338-20190916-1700,1,18
GC-338-20190916-1700,2,19
GC-338-20120303-2130,1,18
GC-338-20120303-2130,2,18
GC-338-20120303-2130,3,18
GC-338-20120303-2130,4,18
GC-338-20120303-2130,5,19
GC-338-20120929-0345,1,18
GC-338-20120929-0345,2,19
GC-338-20120929-0345,3,19
GC-338-20151016-2015,1,18
GC-338-20151016-2015,2,19
GC-36-2100,1,18
GC-36-2100,2,19
GC-36-2100,3,19
GC-36-2100,4,19
GC-36-20121107-0145,1,18
GC-36-20121107-0145,2,19
GC-389-20220115-1610,1,18
GC-389-20220115-1610,2,19
GC-432-20180510-1730,1,18
GC-432-20180510-1730,2,19
GC-478-20170407-1500,1,18
GC-478-20170407-1500,2,19
GC-512-20160102-0910,1,18
GC-512-20160102-0910,2,19
GC-512-20160102-0910,3,19
GC-512-20160102-0910,4,19
GC-518-20211113-1620,1,18
GC-518-20211113-1620,2,19
GC-521-20170206-0740,1,18
GC-521-20170206-0740,2,19
GC-596-20160107-2245,1,18
GC-596-20160107-2245,2,19
GC-608-20121219-1400,1,18
GC-608-20121219-1400,2,19
GC-608-20121219-1400,3,19
GC-608-20121219-1400,4,19
GC-608-20121219-1400,5,19
GC-608-20121219-1400,6,19
GC-608-20121219-1400,7,19
GC-608-20140508-0200,1,18
GC-608-20140508-0200,2,19
GC-609-20201220-0308,1,18
GC-609-20201220-0308,2,19
GC-610-20150118-2140,1,18
GC-610-20150118-2140,2,18
GC-610-20150118-2140,3,19
GC-610-20150125-0100,1,18
GC-610-20150125-0100,2,19
GC-627-20170411-0710,1,18
GC-627-20170411-0710,2,18
GC-627-20170411-0710,3,19
GC-627-20170526-0530,1,18
GC-627-20170526-0530,2,18
GC-627-20170526-0530,3,19
GC-640-20160807-2225,1,18
GC-640-20160807-2225,2,18
GC-640-20160807-2225,3,19
GC-640-20160807-2225,4,19
GC-640-20160519-2030,1,18
GC-640-20160519-2030,2,18
GC-640-20160519-2030,3,18
GC-640-20160519-2030,4,19
GC-640-20160519-2030,5,19
GC-643-20150408-2252,1,18
GC-643-20150408-2252,2,19
GC-645-20220627-1745,1,18
GC-645-20220627-1745,2,19
GC-645-20210203-0200,1,18
GC-645-20210203-0200,2,19
GC-645-20210214-0330,1,18
GC-645-20210214-0330,2,19
GC-645-20180519-1323,1,18
GC-645-20180519-1323,2,19
GC-645-20180519-1323,3,19
GC-65-20190803-0550,1,18
GC-65-20190803-0550,2,19
GC-653-20130224-2240,1,18
GC-653-20130224-2240,2,19
GC-680-20121123-1345-90812b7e,1,18
GC-680-20121123-1345-90812b7e,2,19
GC-680-20130124-1415,1,18
GC-680-20130124-1415,2,19
GC-680-20130124-1415,3,19
GC-680-20130124-1415,4,19
GC-743-20151107-2100,1,18
GC-743-20151107-2100,2,18
GC-743-20151107-2100,3,18
GC-743-20151107-2100,4,18
GC-743-20151107-2100,5,19
GC-743-20151107-2100,6,19
GC-743-20151107-2100,7,19
GC-743-20151107-2100,8,19
GC-743-20210115-1526,1,18
GC-743-20210115-1526,2,19
GC-743-20150108-2040,1,18
GC-743-20150108-2040,2,19
GC-743-20150108-2040,3,19
GC-743-20130228-0240,1,18
GC-743-20130228-0240,2,19
GC-743-20150609-1015,1,18
GC-743-20150609-1015,2,19
GC-743-20150609-1015,3,19
GC-743-20150609-1015,4,19
GC-743-20150609-1015,5,19
GC-782-20170913-0709,1,18
GC-782-20170913-0709,2,18
GC-782-20170913-0709,3,19
GC-782-0830,1,18
GC-782-0830,2,19
GC-782-0830,3,19
GC-782-0830,4,19
GC-782-0830,5,19
GC-782-20161016-0930,1,18
GC-782-20161016-0930,2,18
GC-782-20161016-0930,3,18
GC-782-20161016-0930,4,18
GC-782-20161016-0930,5,19
GC-821-20210227-1330,1,18
GC-821-20210227-1330,2,19
GC-825-20220123,1,18
GC-825-20220123,2,18
GC-825-20220123,3,18
GC-825-20220123,4,19
GC-825-20220126,1,18
GC-825-20220126,2,19
GC-859-20141102-1535,1,18
GC-859-20141102-1535,2,18
GC-859-20141102-1535,3,18
GC-859-20141102-1535,4,19
GC-859-20141102-1535,5,19
GC-859-20170210-0223,1,18
GC-859-20170210-0223,2,19
GC-895-20201028-1144,1,18
GC-895-20201028-1144,2,19
GC-896-1000,1,18
GC-896-1000,2,19
GC-896-1000,3,19
GC-896-1000,4,19
GC-896-1000,5,19
GC-896-20130722-1745,1,18
GC-896-20130722-1745,2,18
GC-896-20130722-1745,3,19
GC-243-20190114-1500,1,18
GC-243-20190114-1500,2,19
GC-243-20190114-1500,3,19
GC-282-20190109-0220,1,18
GC-282-20190109-0220,2,19
GC-468-20180906-2040,1,18
GC-468-20180906-2040,2,19
GC-521-20170210-0900,1,18
GC-521-20170210-0900,2,19
GC-562-20160911-0826,1,18
GC-562-20160911-0826,2,19
GC-608-20160722-1725,1,18
GC-608-20160722-1725,2,19
GC-680-20170321-1000,1,18
GC-680-20170321-1000,2,19
GC-680-20171227-1845,1,18
GC-680-20171227-1845,2,19
GC-680-20170429-0112,1,18
GC-680-20170429-0112,2,19
GC-683-20151029-1740,1,18
GC-683-20151029-1740,2,18
GC-683-20151029-1740,3,18
GC-683-20151029-1740,4,19
GC-683-20151029-1740,5,19
GC-683-20151029-1740,6,19
GC-787-20180508-0915,1,18
GC-787-20180508-0915,2,19
GC-807-20161210-0540,1,18
GI-116-20171203-2215,1,18
GI-116-20171203-2215,2,19
GI-116-20171203-2215,3,19
GI-116-20171203-2215,4,19
GI-22-20190716-0700,1,18
GI-22-20190716-0700,2,18
GI-22-20190716-0700,3,18
GI-22-20190716-0700,4,19
GI-22-20130806-1925,1,18
GI-22-20130806-1925,2,18
GI-22-20130806-1925,3,18
GI-22-20130806-1925,4,19
GI-22-20130806-1925,5,19
GI-22-20130806-1925,6,19
GI-22-0850,1,18
GI-22-0850,2,18
GI-22-0850,3,18
GI-22-0850,4,19
GI-22-0850,5,19
GI-43-20180126-0600,1,18
GI-43-20180126-0600,2,18
GI-43-20180126-0600,3,18
GI-43-20180126-0600,4,18
GI-43-20180126-0600,5,18
GI-43-20180126-0600,6,19
GI-43-20180126-0600,7,19
GI-43-20180126-0600,8,19
GI-43-20180126-0600,9,19
UNKEYED-48eeb31a0eae,1,18
UNKEYED-48eeb31a0eae,2,19
GI-47-20160115-1530,1,18
GI-47-20160115-1530,2,18
GI-47-20160115-1530,3,18
GI-47-20160115-1530,4,19
GI-76-20180825-0730,1,18
GI-76-20180825-0730,2,19
GI-76-20180825-0730,3,19
GI-76-20180825-0730,4,19
HI-110-20151117-0700,1,18
HI-110-20151117-0700,2,19
HI-110-20220627-1200,1,18
HI-110-20220627-1200,2,19
HI-131-20141230-2030,1,18
HI-131-20141230-2030,2,19
HI-154-20150122-1454,1,18
HI-154-20150122-1454,2,19
HI-160-20150804-0645,1,18
HI-160-20150804-0645,2,19
HI-22-20180411-1715,1,18
HI-22-20180411-1715,2,18
HI-22-20180411-1715,3,18
HI-22-20180411-1715,4,19
HI-368 A-20180405-1518,1,18
HI-368 A-20180405-1518,2,19
HI-368 A-20180405-1518,3,19
HI-368 A-20180405-1518,4,19
HI-A 119-1805,1,18
HI-A 119-1805,2,19
HI-A 334 A-20150612-1230,1,18
HI-A 334 A-20150612-1230,2,19
HI-20140806-0200,1,18
HI-20140806-0200,2,19
HI-A 379 B-20150420-1230,1,18
HI-A 379 B-20150420-1230,2,19
HI-A 379 B-20150420-1230,3,19
HI-A 379 B-20150420-1230,4,19
HI-A 379 B-0515,1,18
HI-A 384 A-0825,1,18
HI-A 384 A-0825,2,19
HI-A 384 A-0825,3,19
HI-A 384 A-0825,4,19
HI-A 384 A-0825,5,19
HI-A 384 A-0825,6,19
HI-A 442-20151001-1240,1,18
HI-A 442-20151001-1240,2,19
HI-20130504-2025,1,18
HI-20130504-2025,2,19
HI-A 446-20191204-0704,1,18
HI-A 446-20191204-0704,2,19
HI-A 446-20191204-0704,3,19
HI-A 446-20191204-0704,4,19
HI-A 446-20191204-0704,5,19
HI-A 446-20191204-0704,6,19
HI-A 472-20120210-1815,1,18
HI-A 472-20120210-1815,2,19
HI-A 536 C-20140731-1230,1,18
HI-A 536 C-20140731-1230,2,19
HI-A 536-20130718-1200,1,18
HI-A 536-20130718-1200,2,19
HI-A 537 B-20150612-2000,1,18
HI-A 537 B-20150612-2000,2,19
HI-A 571-20101006-1300,1,18
HI-A 571-20101006-1300,2,19
HI-A 571-1100,1,18
HI-A 571-1100,2,19
HI-A 573 B-20160828-0800,1,18
HI-A 573 B-20160828-0800,2,18
HI-A 573 B-20160828-0800,3,18
HI-20140324-1630,1,18
HI-20140324-1630,2,19
HI-A 596 E-20131007-1030,1,18
HI-A 596 E-20131007-1030,2,19
HI-20120927-0130,1,18
HI-20120927-0130,2,19
HI-20120927-0130,3,19
HI-20140606-1025,1,18
HI-20140606-1025,2,19
HI-20150527-0530,1,18
HI-20150527-0530,2,19
HI-20150510-0430,1,18
HI-20150510-0430,2,19
HI-20150316-1630,1,18
HI-20150316-1630,2,19
HI-20161108-1421,1,18
HI-20161108-1421,2,19
HI-469-20190506-1935,1,18
HI-469-20190506-1935,2,19
HI-469-20190506-1935,3,19
HI-469-20190506-1935,4,19
HI-469-20190506-1935,5,19
HI-469-20190506-1935,6,19
HI-474-20191002-0955,1,18
HI-474-20191002-0955,2,18
HI-474-20191002-0955,3,18
HI-474-20191002-0955,4,19
HI-474-20191002-0955,5,19
HI-474-20191002-0955,6,19
HI-582-20220526-0900,1,18
HI-582-20220526-0900,2,19
KC-10-20140708-2035,1,18
KC-10-20140708-2035,2,18
KC-10-20140708-2035,3,18
KC-10-20140708-2035,4,19
KC-10-20140708-2035,5,19
KC-10-20140708-2035,6,19
KC-10-20141014-0105,1,18
KC-10-20141014-0105,2,18
KC-10-20141014-0105,3,18
KC-10-20141014-0105,4,18
KC-10-20141014-0105,5,18
KC-10-20141014-0105,6,19
KC-10-20141014-0105,7,19
KC-10-20141014-0105,8,19
KC-10-20141014-0105,9,19
KC-147-20150401-1330,1,18
KC-147-20150401-1330,2,19
KC-147-20150401-1330,3,19
KC-147-20150401-1330,4,19
KC-292-20130331-0655,1,18
KC-292-20130331-0655,2,19
KC-292-20130331-0655,3,19
KC-770-20160106-0810,1,18
KC-770-20160106-0810,2,19
KC-770-20160106-0810,3,19
KC-829-20140830-2020,1,18
KC-829-20140830-2020,2,19
KC-875-20141013-1335,1,18
KC-875-20141013-1335,2,19
GC-680-20121123-1345-ae6dd3ec,1,18
GC-680-20121123-1345-ae6dd3ec,2,19
KC-918-0520,1,18
KC-918-0520,2,19
KC-93-20130419-0030,1,18
KC-93-20130419-0030,2,19
KC-93-20130419-0030,3,19
KC-93-20130419-0030,4,19
KC-686-20190807-0430,1,18
KC-686-20190807-0430,2,18
KC-686-20190807-0430,3,18
KC-686-20190807-0430,4,19
KC-875-20180421-0900,1,18
KC-875-20190426-0355,1,18
KC-875-20190426-0355,2,19
KC-875-20190528-2100,1,18
KC-875-20190528-2100,2,19
KC-918-20181116-1530,1,18
KC-918-20181116-1530,2,19
KC-918-20181116-1530,3,19
KC-918-20181116-1530,4,19
KC-918-20181116-1530,5,19
KC-918-20181116-1530,6,19
MC-109-20190214-0100,1,18
MC-109-20190214-0100,2,19
MC-109-20190214-0100,3,19
MC-109-20190214-0100,4,19
MC-126-20150702-0400,1,18
MC-126-20150702-0400,2,18
MC-126-20150702-0400,3,18
MC-126-20150702-0400,4,19
MC-126-20150702-0400,5,19
MC-126-20150702-0400,6,19
MC-126-20150702-0400,7,19
MC-126-20150702-0400,8,19
MC-129-20150818-1245,1,18
MC-129-20150818-1245,2,18
MC-129-20150818-1245,3,19
MC-129-20150818-1245,4,19
MC-129-20150818-1245,5,19
MC-194-20200120,1,18
MC-194-20200120,2,18
MC-194-20200120,3,18
MC-199-20190401-0055,1,18
MC-199-20190401-0055,2,19
MC-208-20191112-1200,1,18
MC-208-20191112-1200,2,19
MC-21-20150109-1000,1,18
MC-21-20150109-1000,2,19
MC-243-20130603-0630,1,18
MC-243-20130603-0630,2,19
MC-243A-20201018,1,18
MC-243A-20201018,2,19
MC-26-20140221-2110,1,18
MC-26-20140221-2110,2,18
MC-26-20140221-2110,3,19
MC-29-20140212-1910,1,18
MC-29-20140212-1910,2,19
MC-29-20140212-1910,3,19
MC-392-20201123,1,18
MC-392-20201123,2,19
MC-437-20190506-0748,1,18
MC-437-20190506-0748,2,19
MC-437-20211130-1917,1,18
MC-437-20200715-1411,1,18
MC-437-20200715-1411,2,19
MC-437-20200129-1400,1,18
MC-437-20200129-1400,2,19
MC-437-20210417,1,18
MC-437-20210417,2,19
MC-471-20160130-1600,1,18
MC-471-20160130-1600,2,18
MC-471-20160130-1600,3,18
MC-471-20160130-1600,4,18
MC-471-20160130-1600,5,19
MC-471-20160130-1600,6,19
MC-471-20160130-1600,7,19
MC-471-20160130-1600,8,19
MC-474A-20210607,1,18
MC-474A-20210607,2,19
MC-503-20140325-0610,1,18
MC-503-20140325-0610,2,19
MC-503-20140325-0610,3,19
MC-503-20200627-1725,1,19
MC-503-20201031,1,18
MC-503-20201031,2,19
MC-519-20200212-0430,1,18
MC-519-20200212-0430,2,18
MC-519-20200212-0430,3,18
MC-519-20200212-0430,4,19
MC-547-20190714-2150,1,18
MC-547-20190714-2150,2,19
MC-650-20111217-1000,1,18
MC-650-20111217-1000,2,19
MC-657-20200709-1515,1,18
MC-657-20200709-1515,2,18
MC-657-20200709-1515,3,18
MC-657-20200709-1515,4,19
MC-657-20200709-1515,5,19
MC-698-0700,1,18
MC-698-0700,2,19
MC-724-20190913-1530,1,18
MC-724-20190913-1530,2,19
MC-724-20190913-1530,3,19
MC-724-20190913-1530,4,19
MC-725-20190329-1925,1,18
MC-725-20190329-1925,2,19
MC-725-20190329-1925,3,19
MC-725-20190329-1925,4,19
MC-725-20190329-1925,5,19
MC-726-20150213-1115,1,18
MC-726-20150213-1115,2,18
MC-726-20150213-1115,3,19
MC-726-20150213-1115,4,19
MC-727-20210109-0600,1,18
MC-727-20210109-0600,2,19
MC-727-20210109-0600,3,19
MC-727-20210109-0600,4,19
MC-736-20150306-1615,1,18
MC-736-20150306-1615,2,18
MC-736-20150306-1615,3,18
MC-736-20150306-1615,4,18
MC-736-20150306-1615,5,18
MC-736-20150306-1615,6,18
MC-736-20150306-1615,7,18
MC-736-20150306-1615,8,19
MC-736-20150915-0510,1,18
MC-736-20150915-0510,2,19
MC-751-20110531,1,18
MC-751-20110531,2,18
MC-751-20110531,3,18
MC-751-20110531,4,18
MC-751-20110531,5,19
MC-751-20110531,6,19
MC-751-20110531,7,19
MC-762-20130516-2215,1,18
MC-762-20130516-2215,2,19
MC-762-20130516-2215,3,19
MC-762-20141021-1805,1,18
MC-762-20141021-1805,2,19
MC-762-20120430-0750,1,18
MC-762-20120430-0750,2,19
MC-772-20150620-1405,1,18
MC-772-20150620-1405,2,19
MC-773-20210527,1,18
MC-773-20210527,2,19
MC-776-20140707-1940,1,18
MC-776-20140707-1940,2,19
MC-778-20200713-1055,1,18
MC-778-20200713-1055,2,19
MC-778-20171016-1730,1,18
MC-778-20171016-1730,2,18
MC-778-20171016-1730,3,18
MC-778-20171016-1730,4,19
MC-778-20200802-1925,1,18
MC-778-20130720-0410,1,18
MC-778-20130720-0410,2,19
MC-778-20130720-0410,3,19
MC-778-20150122-2315,1,18
MC-778-20150122-2315,2,18
MC-778-20150122-2315,3,18
MC-778-20150122-2315,4,19
MC-778-20210506,1,18
MC-778-20210506,2,19
MC-778-20161106-1050,1,18
MC-778-20161106-1050,2,19
MC-778-20161106-1050,3,19
MC-778-20161106-1050,4,19
MC-778-20161106-1050,5,19
MC-782-1900,1,18
MC-782-1900,2,19
MC-782-1900,3,19
MC-782-20140807-0525,1,18
MC-782-20140807-0525,2,18
MC-782-20140807-0525,3,18
MC-782-20140807-0525,4,19
MC-782-20140807-0525,5,19
MC-782-20140807-0525,6,19
MC-79-20140817-0830,1,18
MC-79-20140817-0830,2,18
MC-79-20140817-0830,3,18
MC-79-20140817-0830,4,18
MC-79-20140817-0830,5,19
MC-79-20140817-0830,6,19
MC-79-20140817-0830,7,19
MC-807-20200922,1,18
MC-807-20200922,2,18
MC-807-20200922,3,19
MC-807-20200922,4,19
MC-809-20210829,1,18
MC-809-20210829,2,19
MC-809-20140507-1930,1,18
MC-809-20140507-1930,2,18
MC-809-20140507-1930,3,18
MC-809-20140507-1930,4,18
MC-809-20140507-1930,5,19
MC-809-20201209,1,18
MC-809-20201209,2,19
MC-809-20210113,1,18
MC-812-20150704-1120,1,18
MC-812-20150704-1120,2,18
MC-812-20150704-1120,3,19
MC-812-20150704-1120,4,19
MC-812-20150704-1120,5,19
MC-814-20150606-2151,1,18
MC-814-20150606-2151,2,19
MC-816-20130912-1500,1,18
MC-816-20130912-1500,2,18
MC-816-20130912-1500,3,19
MC-940-20190607-2235,1,18
MC-940-20190607-2235,2,19
MC-940-20190607-2235,3,19
MC-940-20190607-2235,4,19
MC-941-20150216-1240,1,18
MC-941-20150216-1240,2,19
MC-942-20151130-0915,1,18
MC-942-20151130-0915,2,18
MC-942-20151130-0915,3,19
MC-942-20151130-0915,4,19
MC-942-20151130-0915,5,19
MC-474-20180711-1200,1,18
MC-474-20180711-1200,2,19
MC-474-20190504-1400,1,18
MC-474-20190504-1400,2,19
MC-607-20181201-0339,1,18
MC-607-20181201-0339,2,19
MC-736-20180516-1015,1,18
MC-736-20180516-1015,2,19
MC-773-20210710,1,18
MC-773-20210710,2,19
MC-773-20210529,1,18
MC-773-20210529,2,19
MC-773-20210529,3,19
MC-778-20170918-1100,1,18
MC-778-20170918-1100,2,18
MC-778-20170918-1100,3,19
MC-778-20170918-1100,4,19
MC-778-20170918-1100,5,19
MC-778-20170918-1100,6,19
MC-778-20210607,1,18
MC-778-20210607,2,19
MC-778-20201022,1,18
MC-778-20201022,2,19
UNKEYED-b04cb04fd674,1,18
UNKEYED-b04cb04fd674,2,19
UNKEYED-f7dd16619d2d,1,18
UNKEYED-f7dd16619d2d,2,19
MC-816-20190602-1430,1,18
MC-816-20190602-1430,2,19
MI-622-20141124-0950,1,18
MI-622-20141124-0950,2,19
MI-657-20170314-2330,1,18
MI-657-20170314-2330,2,18
MI-685-20151002-2025,1,18
MI-685-20151002-2025,2,19
MI-685-20151002-2025,3,19
MI-685-20151002-2025,4,19
MI-685-20151002-2025,5,19
MI-703-20130411-1930,1,18
MI-703-20130411-1930,2,19
MO-872-20180505-0745,1,18
MO-872-20180505-0745,2,19
MO-872-20180505-0745,3,19
MP-107-1600,1,18
MP-107-1600,2,18
MP-107-1600,3,19
MP-107-1600,4,19
MP-116-20120830-0000,1,18
MP-116-20120830-0000,2,19
MP-153B-20201225,1,18
MP-153B-20201225,2,19
MP-259-20200323-1130,1,18
MP-259-20200323-1130,2,18
MP-259-20200323-1130,3,19
MP-264-20130407-1745,1,18
MP-264-20130407-1745,2,19
MP-264-20130407-1745,3,19
MP-264-20130427-1030,1,18
MP-264-20130427-1030,2,18
MP-264-20130427-1030,3,18
MP-264-20130427-1030,4,19
MP-264-20130427-1030,5,19
MP-264-20130427-1030,6,19
MP-264-20130427-1030,7,19
MP-283-20210508,1,18
MP-283-20210508,2,19
MP-288-20150202-0230,1,18
MP-288-20150202-0230,2,18
MP-288-20150202-0230,3,18
MP-288-20150202-0230,4,19
MP-288-20150202-0230,5,19
MP-288-20150202-0230,6,19
MP-288-20150202-0230,7,19
MP-288-20150202-0230,8,19
MP-288-20150202-0230,9,19
MP-288-20150202-0230,10,19
MP-288-20150202-0230,11,19
MP-288-20150202-0230,12,19
MP-295-20130928-0830,1,18
MP-295-20130928-0830,2,18
MP-295-20130928-0830,3,19
MP-299-20120911-1635,1,18
MP-299-20120911-1635,2,19
MP-299-20120913-0430,1,18
MP-299-20120913-0430,2,19
MP-299-20190922-0655,1,18
MP-299-20190922-0655,2,18
MP-299-20190922-0655,3,18
MP-299-20190922-0655,4,18
MP-299-20190922-0655,5,18
MP-299-20190922-0655,6,19
MP-299-20190922-0655,7,19
UNKEYED-8174d1253136,1,18
UNKEYED-8174d1253136,2,19
MP-42-20200909-0830,1,18
MP-42-20200909-0830,2,19
MP-42-20120929-1803,1,18
MP-42-20120929-1803,2,19
MP-42-20210921-1608,1,18
MP-42-20210921-1608,2,19
MP-64-20171013-0530,1,18
MP-64-20171013-0530,2,19
MP-64-20211009,1,18
MP-64-20211009,2,19
MP-73-20171104-1440,1,18
MP-73-20171104-1440,2,19
UNKEYED-e7044c7f14cb,1,18
MP-288-20191015,1,18
MP-288-20191015,2,18
MP-288-20191015,3,19
MP-288-20191015,4,19
MP-288-20191015,5,19
MP-296-20190121-0645,1,18
MP-296-20190121-0645,2,19
MU-726-1538,1,18
MU-726-1538,2,19
MU-762-20120812-0825,1,18
MU-762-20120812-0825,2,19
MU-A 111 A-20141006-2045,1,18
MU-A 111 A-20141006-2045,2,19
MU-A 111 A-20141006-2045,3,19
MU-A 111 A-20150623-1800,1,18
MU-A 111 A-20150623-1800,2,19
MU-A 111 A-20150625-2100,1,18
MU-A 111 A-20150625-2100,2,19
MU-A 111 A-20140731-1830,1,18
MU-A 111 A-20140731-1830,2,19
MU-20140704-1400,1,18
MU-20140704-1400,2,19
MC-582-20220713-2045,1,18
MC-582-20220713-2045,2,18
GC-338-20211120-1315,1,18
GC-338-20211120-1315,2,19
GC-478-20220722-2203,1,18
GC-478-20220722-2203,2,19
MP-268-20220630-2346,1,18
MP-268-20220630-2346,2,19
PL-23-20210801-1010,1,18
PL-23-20210801-1010,2,19
PL-23-20210923-1010,1,18
PL-23-20210923-1010,2,19
PL-23-20190408-0600,1,18
PL-23-20190408-0600,2,19
PL-23-20160229-1930,1,18
PL-23-20160229-1930,2,18
PL-23-20160229-1930,3,18
PL-23-20160229-1930,4,18
PL-23-20160229-1930,5,18
PL-23-20160229-1930,6,18
PL-23-20160229-1930,7,18
PL-23-20160229-1930,8,19
PL-5-20180625-1730,1,18
PL-5-20180625-1730,2,19
PN-969-20120613-1430,1,18
PN-969-20120613-1430,2,19
PN-975-20151126-1025,1,18
PN-975-20151126-1025,2,19
VR-376 A-20120229-0345,1,18
VR-376 A-20120229-0345,2,18
VR-376 A-20120229-0345,3,19
VR-376 A-20120229-0345,4,19
VR-376 A-20120229-0345,5,19
BA-375-20110415-1140,1,18
BA-375-20110415-1140,2,19
EB-602-20120219-1700,1,18
EB-602-20120219-1700,2,19
MO-830-20120218-1700,1,18
MO-830-20120218-1700,2,18
MO-830-20120218-1700,3,18
MO-830-20120218-1700,4,19
MO-830-20120218-1700,5,19
MO-830-20120218-1700,6,19
GC-205-20120210-1600,1,18
GC-205-20120210-1600,2,18
GC-205-20120210-1600,3,19
GC-205-20120210-1600,4,19
WR-29-20120102-1638,1,18
WR-29-20120102-1638,2,19
WR-29-20120204-0445,1,18
WR-29-20120204-0445,2,19
HI-A 7-20120515-1415,1,18
HI-A 7-20120515-1415,2,19
MC-737-20091230,1,18
MC-737-20091230,2,18
MC-737-20091230,3,18
MC-737-20091230,4,18
MC-737-20091230,5,18
MC-737-20091230,6,19
EC-129-20120305-1415,1,18
EC-129-20120305-1415,2,19
EI-333-20190524-1600,1,18
EI-333-20190524-1600,2,19
SE-39-20130130-0100,1,18
SE-39-20130130-0100,2,19
MC-764-20211120-0215,1,18
MC-764-20211120-0215,2,19
MC-809-20220820-1007,1,18
MC-809-20220820-1007,2,18
MC-940-20220508-1130,1,18
VK-956-20110805-1245,1,18
SM-106-20120822-0830,1,18
SM-106-20120822-0830,2,19
SM-106-0830,1,18
SM-106-0830,2,18
SM-128-20140225-1500,1,18
SM-128-20140225-1500,2,19
SM-130-20190520-1400,1,18
SM-130-20190520-1400,2,19
SM-132-0845,1,18
SM-147-20130904-0500,1,18
SM-147-20130904-0500,2,19
SM-147-20140917-2230,1,18
SM-147-20140917-2230,2,19
SM-192-20220907-1600,1,18
SM-192-20220907-1600,2,18
SM-192-20220907-1600,3,19
SM-217-20130505-0001,1,18
SM-217-20130505-0001,2,19
SM-234-20150113-1455,1,18
SM-234-20150113-1455,2,19
SM-236-20121121-1320,1,18
SM-236-20121121-1320,2,19
SM-236-20121121-1320,3,19
SM-27-20141205-0730,1,18
SM-27-20141205-0730,2,19
SM-58-20191007-1530,1,18
SM-58-20191007-1530,2,19
SM-66-20130412-1325,1,18
SM-66-20130412-1325,2,19
SM-69-20121101-2135,1,18
SM-69-20121101-2135,2,19
SM-105-20180707-1115,1,18
SM-105-20180707-1115,2,18
SM-105-20180707-1115,3,18
SM-105-20180707-1115,4,18
SM-105-20180707-1115,5,18
SM-105-20180707-1115,6,18
SM-105-20180707-1115,7,18
SM-105-20180707-1115,8,18
SM-105-20180707-1115,9,18
SM-105-20180707-1115,10,18
SM-105-20180707-1115,11,18
SM-105-20180707-1115,12,18
SM-105-20180707-1115,13,18
SM-105-20180707-1115,14,18
SM-105-20180707-1115,15,19
SM-105-20180707-1115,16,19
SM-130-20170911-1138,1,18
SM-149 C-20210107,1,18
SM-149-20200217-0800,1,18
SM-149-20200217-0800,2,19
SM-223-20200321-1200,1,18
SM-223-20200321-1200,2,18
SM-223-20200321-1200,3,18
SM-223-20200321-1200,4,19
SM-223-20200321-1200,5,19
SM-223-20200321-1200,6,19
SM-237-20220802,1,18
SM-237-20220802,2,19
SM-58-20190911-1330,1,18
SM-58-20190911-1330,2,19
SM-93-20171114-1215,1,18
SM-93-20171114-1215,2,19
SM-99-20181006-0930,1,18
SM-99-20181006-0930,2,19
SP-49-20200908-1330,1,18
SP-49-20200908-1330,2,18
SP-49-20200908-1330,3,19
SP-60-20130518-0600,1,18
SP-60-20130518-0600,2,19
SP-65-20140807-1540,1,18
SP-65-20140807-1540,2,18
SP-65-20140807-1540,3,19
SP-65-20140807-1540,4,19
SP-65-20140807-1540,5,19
SP-65-20140807-1540,6,19
SP-77-20170603-1935,1,18
SP-77-20170603-1935,2,19
SP-77-20170603-1935,3,19
SP-93-20170127-0800,1,18
SP-93-20170127-0800,2,18
SP-93-20170127-0800,3,19
SP-93-20170127-0800,4,19
SP-93-20170127-0800,5,19
SP-93-20170127-0800,6,19
SP-93-20170127-0800,7,19
SP-93-20170127-0800,8,19
SP-93-20151009-0015,1,18
SP-93-20151009-0015,2,19
SP-93-20120529-1205,1,18
SP-93-20120529-1205,2,18
SP-93-20120529-1205,3,18
SP-93-20120529-1205,4,18
SP-93-20120529-1205,5,18
SP-93-20120529-1205,6,18
SP-93-20120529-1205,7,18
SP-93-20120529-1205,8,18
SP-93-20120529-1205,9,19
SP-93-20120529-1205,10,19
SP-93-20120529-1205,11,19
SP-93-20120529-1205,12,19
SP-93-20120529-1205,13,19
SP-93-20120529-1205,14,19
SP-93-20120529-1205,15,19
SP-93-20120529-1205,16,19
SP-93-20120529-1205,17,19
SP-93-20120529-1205,18,19
SP-93-20141020-1000,1,18
SP-93-20141020-1000,2,18
SP-60-20190605-0915,1,18
SP-60-20190605-0915,2,18
SP-60-20190605-0915,3,19
SS-114-20120330-0715,1,18
SS-114-20120330-0715,2,19
SS-114-20180720-0855,1,18
SS-177-20170802-1515,1,18
SS-177-20170802-1515,2,18
SS-177-20170802-1515,3,19
SS-177-20170802-1515,4,19
SS-193-20220507-0910,1,18
SS-193-20220507-0910,2,19
SS-198-20170716-1630,1,18
SS-198-20170716-1630,2,18
SS-198-20170716-1630,3,19
SS-198-20130710-2115,1,18
SS-198-20130710-2115,2,19
SS-198-20130710-2115,3,19
SS-224-20180223-0645,1,18
SS-224-20180223-0645,2,19
SS-225-20130707-1830,1,18
SS-225-20130707-1830,2,19
SS-225-20130707-1830,3,19
SS-225-20130707-1830,4,19
SS-225-20130707-1830,5,19
SS-225-20130707-1830,6,19
SS-225-20130707-1830,7,19
SS-225-20130707-1830,8,19
SS-225-20130707-1830,9,19
SS-225-20130707-1830,10,19
SS-225-20130707-1830,11,19
SS-229-20150618-1500,1,18
SS-229-20150618-1500,2,18
SS-229-20150618-1500,3,18
SS-229-20150618-1500,4,18
SS-229-20150618-1500,5,18
SS-229-20150618-1500,6,18
SS-229-20150618-1500,7,18
SS-229-20150618-1500,8,18
SS-229-20150618-1500,9,18
SS-229-20150618-1500,10,19
SS-229-20150618-1500,11,19
SS-229-20141212-0900,1,18
SS-229-20141212-0900,2,18
SS-229-20141212-0900,3,19
SS-229-20141212-0900,4,19
SS-229-20141212-0900,5,19
SS-229-20141212-0900,6,19
SS-229-20141212-0900,7,19
SS-229-20121130-0850,1,18
SS-229-20121130-0850,2,19
SS-229-20121130-0850,3,19
SS-233-20120926-1000,1,18
SS-233-20120926-1000,2,19
SS-241-20140925-1350,1,18
SS-241-20140925-1350,2,18
SS-241-20140925-1350,3,19
SS-266-20170105-0200,1,18
SS-266-20170105-0200,2,19
SS-274-20141023-1100,1,18
SS-274-20141023-1100,2,19
SS-300-20120907-1950,1,18
SS-300-20120907-1950,2,19
SS-300-20220328-0830,1,18
SS-300-20220328-0830,2,19
SS-358-20200222-1530,1,18
SS-358-20200222-1530,2,19
SS-72-20141105-1015,1,18
SS-72-20141105-1015,2,19
SS-114-20180725-0020,1,18
SS-154-20161223-1550,1,18
SS-154-20161223-1550,2,19
SS-349-20180825-0345,1,18
SS-349-20180825-0345,2,19
SS-72-20180322-1230,1,18
SS-72-20180322-1230,2,19
ST-100-20210507-1700,1,18
ST-100-20210507-1700,2,19
ST-127-20150628-0955,1,18
ST-127-20150628-0955,2,18
ST-127-20130212-1600,1,18
ST-127-20130212-1600,2,19
ST-131-20150607-0840,1,18
ST-200-20151126-0131,1,18
ST-200-20151126-0131,2,19
ST-205-20131101-1215,1,18
ST-205-20131101-1215,2,18
ST-205-20131101-1215,3,19
ST-205-20131101-1215,4,19
ST-224-20171129-2015,1,18
ST-224-20171129-2015,2,19
ST-26-20210502-1011,1,18
ST-26-20210502-1011,2,19
ST-26-20170610-1515,1,18
ST-26-20170610-1515,2,19
ST-26-20170610-1515,3,19
ST-26-20170610-1515,4,19
ST-26-20170610-1515,5,19
ST-26-20130822-1545,1,18
ST-26-20130822-1545,2,19
ST-26-20130822-1545,3,19
ST-27-20150123-0430,1,18
ST-27-20150123-0430,2,19
ST-28-20171011-0015,1,18
ST-28-20171011-0015,2,19
ST-285-20140517-0830,1,18
ST-285-20140517-0830,2,19
ST-285-20140517-0830,3,19
ST-285-20140517-0830,4,19
ST-285-20140517-0830,5,19
ST-285-20131220-0300,1,18
ST-285-20131220-0300,2,19
ST-311-20200123-1200,1,18
ST-311-20200123-1200,2,18
ST-311-20200123-1200,3,18
ST-311-20200123-1200,4,19
ST-52-20191007-1110,1,18
ST-52-20191007-1110,2,19
ST-63-20120822-0145,1,18
ST-63-20120822-0145,2,19
ST-67-1100,1,18
ST-67-1100,2,19
ST-67-1100,3,19
ST-200-20171112,1,18
ST-311-20180904-0217,1,18
ST-311-20180904-0217,2,19
ST-311-20180904-0217,3,19
ST-34-20170915-1150,1,18
ST-34-20170915-1150,2,19
VK-989-20211201-1930,1,18
VK-989-20211201-1930,2,18
VK-989-20211201-1930,3,19
VK-989-20211201-1930,4,19
VK-817-20171103-1350,1,18
VK-817-20171103-1350,2,18
VK-817-20171103-1350,3,19
VK-817-20130303-0630,1,18
VK-817-20130303-0630,2,18
VK-817-20130303-0630,3,18
VK-817-20130303-0630,4,19
VK-900A-20201222,1,18
VK-900A-20201222,2,19
VK-900A-20210328,1,18
VK-900A-20210328,2,19
VK-915-20180122-2330,1,18
VK-915-20180122-2330,2,18
VK-915-20180122-2330,3,19
VK-956-20200115-0715,1,18
VK-956-20200115-0715,2,18
VK-956-20200115-0715,3,19
VK-956-20200115-0715,4,19
VK-965-20201121,1,18
VK-989-20130407-1245,1,18
VK-989-20130407-1245,2,18
VK-989-20130407-1245,3,18
VK-989-20130407-1245,4,19
VK-823-20180626-1515,1,18
VK-823-20180626-1515,2,18
VK-823-20180626-1515,3,18
VK-823-20180626-1515,4,19
VK-823-20180626-1515,5,19
VK-823-20180626-1515,6,19
VR-124-20120929-0455,1,18
VR-124-20120929-0455,2,18
VR-124-20120929-0455,3,19
VR-131-20120917-1330,1,18
VR-131-20120917-1330,2,19
VR-131-20120917-1330,3,19
VR-131-20120917-1330,4,19
VR-131-20120917-1330,5,19
VR-214-20130512-1345,1,18
VR-214-20130512-1345,2,19
VR-226-1900,1,18
VR-226-1900,2,19
VR-226-1900,3,19
VR-226-1900,4,19
VR-279-20150619-0605,1,18
VR-279-20150619-0605,2,18
VR-279-20150619-0605,3,18
VR-279-20150619-0605,4,18
VR-279-20150619-0605,5,19
VR-279-20150619-0605,6,19
VR-279-20150619-0605,7,19
VR-279-20150619-0605,8,19
VR-340-20120721-1048,1,18
VR-340-20120721-1048,2,18
VR-340-20120721-1048,3,18
VR-340-20120721-1048,4,19
VR-340-20120721-1048,5,19
VR-342-20141113-1930,1,18
VR-342-20141113-1930,2,19
VR-342-20121216-1800,1,18
VR-342-20121216-1800,2,19
VR-342-20121216-1800,3,19
VR-342-20121216-1800,4,19
VR-356-20130410-0415,1,18
VR-356-20130410-0415,2,19
VR-369-20220624-1300,1,18
VR-369-20220624-1300,2,19
VR-369-20140418-1900,1,18
VR-369-20140418-1900,2,19
VR-371-20200210-1745,1,18
VR-371-20200210-1745,2,19
VR-379-20140608-1030,1,18
VR-379-20140608-1030,2,18
VR-379-20140608-1030,3,19
VR-379-20140608-1030,4,19
VR-379-20140608-1030,5,19
VR-398-20120801-0020,1,18
VR-398-20120801-0020,2,19
VR-52-20130531-1230,1,18
VR-52-20130531-1230,2,19
VR-52-20130531-1230,3,19
VR-52-20130531-1230,4,19
VR-52-20130531-1230,5,19
VR-261-20151216-1845,1,18
VR-261-20151216-1845,2,19
VR-261-20151216-1845,3,19
VR-261-20151216-1845,4,19
VR-261-20151216-1845,5,19
VR-252-20190909-2300,1,18
VR-252-20190909-2300,2,18
VR-252-20190909-2300,3,18
VR-252-20190909-2300,4,19
VR-252-20190909-2300,5,19
VR-252-20190909-2300,6,19
VR-252-20190909-2300,7,19
VR-252-20190909-2300,8,19
VR-252-20190909-2300,9,19
VR-252-20190909-2300,10,19
VR-252-20180425-1700,1,18
VR-252-20180425-1700,2,19
VR-252-20180425-1700,3,19
VR-331-20210807-1500,1,18
VR-331-20210807-1500,2,19
VR-331-20210807-1500,3,19
VR-369-20190701-1400,1,18
VR-369-20190701-1400,2,19
VR-369-20190701-1400,3,19
VR-369-20190701-1400,4,19
VR-369-20190701-1400,5,19
VR-369-20190701-1400,6,19
WC-111-1200,1,18
WC-111-1200,2,19
WC-111-1200,3,19
WC-111-1200,4,19
WC-144-20160101-0300,1,18
WC-144-20160101-0300,2,19
WC-20-20130201-1610,1,18
WC-20-20130201-1610,2,19
WC-20-20130201-1610,3,19
WC-20-20130201-1610,4,19
WC-20-20130201-1610,5,19
WC-205-20120905-2030,1,18
WC-205-20120905-2030,2,19
WC-205-20120905-2030,3,19
WC-544-20141024-1455,1,18
WC-544-20141024-1455,2,19
WC-544-20141024-1455,3,19
WC-544-20141024-1455,4,19
WC-544-20141024-1455,5,19
WC-544-20141024-1455,6,19
WC-544-20141024-1455,7,19
WC-639-20120928-0915,1,18
WC-639-20120928-0915,2,19
WC-96-20211127-0930,1,18
WC-96-20211127-0930,2,19
WC-180-20161017-0100,1,18
WC-180-20161017-0100,2,19
WC-180-20161017-0100,3,19
WC-180-20161017-0100,4,19
WC-180-20161017-0100,5,19
WC-180-20161017-0100,6,19
WC-180-20161017-0100,7,19
WC-180-20161017-0100,8,19
WC-61-20190413-0615,1,18
WC-61-20190413-0615,2,19
WC-61-20190413-0615,3,19
WC-61-20190413-0615,4,19
WC-61-20190413-0615,5,19
WC-61-20190413-0615,6,19
WC-61-20190413-0615,7,19
WC-61-20190413-0615,8,19
WC-61-20190413-0615,9,19
WD-105-20130318-0845,1,18
WD-105-20130318-0845,2,18
WD-105-20130318-0845,3,19
WD-105-20130318-0845,4,19
WD-105-20130318-0845,5,19
WD-105-20130318-0845,6,19
WD-105E-20201129,1,18
WD-105E-20201129,2,19
WD-133-20180909-1130,1,18
WD-133-20180909-1130,2,19
WD-152-20190117-0930,1,18
WD-152-20190117-0930,2,18
WD-152-20190117-0930,3,19
WD-152-20190117-0930,4,19
WD-152-20190117-0930,5,19
WD-27-20191124-0700,1,18
WD-27-20191124-0700,2,19
WD-27-20131217-1045,1,18
WD-27-20131217-1045,2,18
WD-27-20131217-1045,3,19
WD-27-20131217-1045,4,19
WD-30-20200124-1900,1,18
WD-30-20200124-1900,2,18
WD-30-20200124-1900,3,19
WD-30-20200124-1900,4,19
WD-30-20200124-1900,5,19
WD-30P-20210109,1,18
WD-32-20160921-0828,1,18
WD-32-20160921-0828,2,18
WD-32-20160921-0828,3,18
WD-32-20160921-0828,4,19
WD-32-20140730-2030,1,18
WD-32-20140730-2030,2,18
WD-32-20140730-2030,3,18
WD-32-20140730-2030,4,19
WD-32-20140730-2030,5,19
WD-32-20140730-2030,6,19
WD-32-20140730-2030,7,19
WD-32-20140325-2200,1,18
WD-32-20140325-2200,2,18
WD-32-20140325-2200,3,18
WD-32-20140325-2200,4,19
WD-32-20140325-2200,5,19
WD-32-20140325-2200,6,19
WD-32-20140325-2200,7,19
WD-70-20120904-1130,1,18
WD-70-20120904-1130,2,19
WD-73-20190527-1430,1,18
WD-73-20190527-1430,2,19
WD-73-20190527-1430,3,19
WD-73-20190527-1430,4,19
WD-73-20120913-0330,1,18
WD-73-20120913-0330,2,19
WD-73-20120913-0330,3,19
WD-73-20120913-0330,4,19
WD-73-20120913-0330,5,19
WD-73-20160503-1620,1,18
WD-73-20160503-1620,2,18
WD-73-20160503-1620,3,18
WD-73-20160503-1620,4,18
WD-73-20160503-1620,5,18
WD-73-20160503-1620,6,18
WD-73-20160503-1620,7,18
WD-73-20160503-1620,8,18
WD-73-20160503-1620,9,18
WD-73-20160503-1620,10,18
WD-73-20160503-1620,11,18
WD-73-20160503-1620,12,19
WD-73-20160503-1620,13,19
WD-73-20160503-1620,14,19
WD-73-20160503-1620,15,19
WD-73-20160503-1620,16,19
WD-73-20160503-1620,17,19
WD-73-20160503-1620,18,19
UNKEYED-926037c6ac98,1,18
UNKEYED-926037c6ac98,2,19
UNKEYED-36d99d167a36,1,18
UNKEYED-36d99d167a36,2,19
EB-699-20221116-0510,1,18
EB-699-20221116-0510,2,19
WR-160-20150813-0030,1,18
WR-160-20150813-0030,2,19
WR-160-20151022-0600,1,18
WR-160-20151022-0600,2,19
WR-160-20151024-2315,1,18
WR-160-20151024-2315,2,18
WR-160-20151024-2315,3,19
WR-160-20151024-2315,4,19
WR-160-20151024-2315,5,19
WR-160-20151024-2315,6,19
WR-160-20150831-0100,1,18
WR-160-20150831-0100,2,19
WR-29-20191210-1245,1,18
WR-29-20191210-1245,2,19
WR-315-20220221-1215,1,18
WR-315-20220221-1215,2,19
WR-425-20130115-0200,1,18
WR-425-20130115-0200,2,19
WR-425-20130115-0200,3,19
WR-425-20130115-0200,4,19
WR-469-20150214-2330,1,18
WR-469-20150214-2330,2,19
WR-508-20141211-0813,1,18
WR-508-20141211-0813,2,19
WR-508-20141211-0813,3,19
WR-508-20141211-0813,4,19
WR-508-20141211-0813,5,19
WR-508-20141211-0813,6,19
WR-508-20141211-0813,7,19
WR-508-20210227-0420,1,18
WR-508-20210227-0420,2,19
WR-508-20151127-1115,1,18
WR-508-20151127-1115,2,19
WR-578-20141027-0210,1,18
WR-578-20141027-0210,2,19
WR-584-20160727-0520,1,18
WR-584-20160727-0520,2,19
WR-584-20160727-0520,3,19
WR-584-20160727-0520,4,19
WR-758-20151223-1120,1,18
WR-758-20151223-1120,2,19
WR-758-20151223-1120,3,19
WR-758-20170627-2120,1,18
WR-758-20170627-2120,2,19
WR-29-20180726-0130,1,18
WR-29-20180726-0130,2,19
WR-29-20180726-0130,3,19
WR-29-20180726-0130,4,19
WR-508-20150326-0900,1,18
WR-508-20150326-0900,2,19
WR-51-20150808-1555,1,18
WR-51-20150808-1555,2,19
WR-551-20160911-1030,1,18
WR-551-20160911-1030,2,19
WR-551-20161126-1406,1,18
WR-551-20161126-1406,2,19
