Incident Number,Cause number,Cause Description,Cause type,Risk Management Cause,Human Factors  Cause, Failed PSM Framework Element
CP-BF2EE5947A,1,"Equipment Failure - Capacity of equipment exceeded: Fieldwood Energy identified a 3/8"" hole in the line approximately a quarter-mile from the platform near a weld in the line.",Immediate,Inadequate Control Measures,,15
CP-BF2EE5947A,2,Human error – Incorrect PSH set point: The improper PSH set point has been identified as a possible contributing cause to the incident because an overpressure event may have gone undetected and caused a hole in the pipeline.,Underlying,,,3
CP-D5270111A8,1,Equipment Failure - Inadequate/Improper tools or equipment used: The failure to provide a safer method to remove the bolts prior to starting the task. There are tools designed to attach to the stud and nut that secures the eliminates the need for a second person holding it.,Immediate,Inadequate Control Measures,,15
CP-D5270111A8,2,None,Underlying,,,
CP-D5270111A8,3,Equipment Failure - Inadequate/Improper tools or equipment used: The failure to provide a safer method to remove the bolts prior to starting the task. There are tools designed to attach to the stud and nut that secures the eliminates the need for a second person holding it.,Root,Inadequate Control Measures,,15
CP-9E1D15576D,1,A faulty check valve allowed oil to enter the sump,Immediate,,,
CP-9E1D15576D,2,The sump caisson was not designed properly because caisson center well. it violates CFR 250 300(b)(4) which states that the sump system must automatically maintain oil at a level sufficient to prevent discharge of oil into offshore waters.,Underlying,,,
CP-4B15C3DC3B,1,"Even though a verbal risk assessment prompt card was utilized, the operational task was not performed safely. If the Subsea Engineer would have utilized the tagline to guide the load and not excessively pull on the avoided.",Immediate,,,
CP-3B79FD9E11,1,The positioning of the lifting eyes.,Immediate,,,
CP-3B79FD9E11,2,"The air tuggers were not at full power due low and with no other incidents. air pressure. Compressed air volume was inadequate to support usage. Also, an air tugger cable parted due to shock loading. Low air pressure reduced holding capacity and brakes were not holding.",Underlying,,,
CP-3B79FD9E11,3,The positioning of the lifting eyes.,Root,,,
CP-E8CD75BF8D,1,Weather Related: Oil and water on the deck of the crane mount due,Immediate,,,
CP-E8CD75BF8D,2,Slip Hazard: Employee was not aware of slip hazard.,Underlying,Hazard not Identified,,
CP-FC86518082,1,"Equipment Failure – Flawed Equipment Design or Construction: The installation of rechargeable batteries inside a non-vented panel creates a Class 1 Division 1 location inside of the panel according to API RP 500. However, the components inside the panel were not rated for a Class 1 Division 1 area. Even if the panel was vented, Talos installed the panel in a Class 1 Division 2 area. However, the components inside were not rated for a Class 1 Division 2 area.",Immediate,Inadequate Control Measures,,15
CP-FC86518082,2,Personnel Training - Personnel Poorly Trained: Personnel failed to recognize that rechargeable batteries vent hydrogen.,Underlying,Inadequate Control Measures,,
CP-02C26650DB,1,Overheating triggered the high temperature alarm resulting in a fire/damage to the air compressor,Immediate,,,3
CP-6027395E36,1,Management Systems: The JSA and the Nabors procedure “OPS-WIN-019” did not contain specific instructions on how to slow the block speed; and to set the overpull to accommodate the weight of the block and single casing joint.,Immediate,,,8
CP-6027395E36,2,"The crane was not used to control the free lower end of the joint of casing through the V-door, which would have helped change the positioning of the casing while picking it up into the derrick.",Underlying,,,
CP-E25A5F1EF9,1,The Ensco Incident Investigation Report stated that the probable cause of the finger injury was attributed to a casing joint slipping down the cat walk because it was not supported by the back stop.,Immediate,,,
CP-E25A5F1EF9,2,"According to the Ensco Incident Investigation Report, the following were listed as contributing causes to the injury: 1) a worker was not assigned to verify that all casing joints were supported by the cat walk back stop; 2) workers did not recognize that a casing joint was not supported by the cat walk back stop; 3) the hazard analysis did not address potential pinch points created by slipping casing joints and",Underlying,,,
CP-E25A5F1EF9,3,inadequate spacing of casing joints in the v-door.,Root,,,
CP-C3BE94F691,1,The BSEE incident investigation team determined that spill was attributed to the failure of the upper VBR assembly.,Immediate,,,
CP-8EF558598C,1,Gasket failure in the 4 inch butterfly valve.,Immediate,,,
CP-A54C179A20,1,The investigation concluded that the most likely discharge and resulting flash fire of the diesel,Immediate,,,
CP-68FE7B4E5E,1,The cause of the incident was due to leaking packing seal on the air operated valve which caused the valve to open. There was no preventive maintenance schedule on the diverter valve.,Immediate,,,
CP-68FE7B4E5E,2,There was no alert system to monitor the valve when not in use.,Underlying,,,
CP-B2A240DFA2,1,The USCG is conducting an investigation to determine a result of the incident. the cause of the event.,Immediate,,,
CP-B2A240DFA2,2,N/A,Underlying,,,
CP-5791A4827D,1,"Due to a hydraulic valve internal leak, insufficient hydraulic fluid pressure resulted in the boom winch not being properly engaged.",Immediate,,,
CP-6A3B6A17BD,1,Lack of Focus: The primary cause of the incident The AD took his attention off the job while work was attention caused him to break from normal procedure. swinging freely and it crushed the IP's hand between roughneck.,Immediate,,,
CP-6FBA9BECDE,1,Personnel not properly isolating the energy source {gas pipeline) allowed gas to . migrate from the gas sales pipeline back through the production train and escape through openended piping at the coalescer.,Immediate,,,
CP-6FBA9BECDE,2,"Personnel complained of being pushed to finish the job, which allowed for hasty decisions to be made. Multiple jobs being performed at the same time and the absence of an on site supervisor dedicated to oversee the safety aspect of each job being performed pevented personnel from focussing on specific job details. The failure to develop a detailed written procedure {JSA) for the work to be performed prevented personnel from identifying and properly isolating the energy source. The lack of communication between the production personnel and the failure to utilize the companies stop work authority policy allowed critical warning signs leading up to the incident to be overlooked. Personnel were working with insufficient lighting at the time of the incident and the 16"" pipeline check valve not performing it's designed function also contributed to the incident.",Underlying,,,
CP-98B7510218,1,Inattention to task-The mechanic missed the step,Immediate,,,
CP-98B7510218,2,"When the mechanic missed the step, the weight of severity of his injuries.",Underlying,,,
CP-96EAF2138B,1,The gumbo box drain valve inadvertently left in overboard discharge.,Immediate,,,
CP-96EAF2138B,2,the open position resulted in the,Underlying,,,
CP-B092285F66,1,"The bottom clean-out valve on the gas buster was in the open position while trying to establish fluid returns from well A-1. A significant amount of gas was allowed to vent from beneath the gas buster and in close proximity where personnel were working, thus creating a hazardous atmosphere. Furthermore, the wind direction across the deck of the lift boat caused the migration of gas vapors to the diesel engine associated with the pump unit. Gas vapors entered the engine through the air intake breather resulting in the backfire and subsequent flash fire.",Immediate,,,
CP-B092285F66,2,"Human error by all parties involved resulting from failure to: Perform a thorough JSA and identify all potential hazards, including vented gas causing a hazardous atmosphere and potential ignition sources.",Underlying,,,
CP-AF65344437,1,The manifold choke was left open.,Immediate,,,
CP-3AED37EBF4,1,"The 9.625 inch CIBP was forced up the hole without allowing gas to vent. Well pressure acted on the surface area of the 9.625 inch CIBP instead of the 3.5 inch drill pipe as expected, and overcame applied weight on bit from the rig.",Immediate,,,
CP-046ACB062E,1,"Equipment Failure (Inoperable Equipment): The inoperable Ram on the QCDC did not allow for the buoy to drop, resulting in a failed disconnect of production.",Immediate,,,3
CP-046ACB062E,2,"Work Environment (Other weather influences): The abrupt change to extreme winds contributing to the sudden shift of the vessel and the need to disconnect. Talos was aware of weather passing north, but was not aware of the severity.",Underlying,,,
CP-3D7A1B48AC,1," Management Systems: Inadequate documentation or availability of hazard analyses, job procedures, or emergency procedures: Utilizing the referenced hose (to achieve zero pressure) was not part of the approved operating procedure. The approved operating procedure states, “zero psi is not required. Blowdown to a point where at least 500 psi differential is across the boarding valve and monitor for pressure build-up”.  Human Performance Error: Inexperience doing task related to incident - BSEE also found that the probable cause of the injury was allowing the inexperienced IP to assist in the testing of the BSDV regarding the referenced operation(s).",Immediate,,,
CP-3D7A1B48AC,2," According to the Shell Auger OP - BV Check for the Cardamom Field, there is no mention of using a hose throughout the testing procedure. All piping mentioned throughout the bleed down and testing procedure is hard",Underlying,,,
CP-6E609FE29C,1,The safety pin was not in the valve stem.,Immediate,,,
CP-99AE614DE1,1,Human Error: Rig personnel used an unstable hydraulic tong as wrench while breaking tubing.,Immediate,,,3
CP-9534B48819,1,Human Error: Inattention to job being performed.,Immediate,, Competency -  Lapse of Competency,3
CP-D330F37F05,1,"Failure to follow the Task Based Risk Assessment, a 1-3/8"" clamp was not used as specified. Failure to follow manufacturer's wire change procedure.",Immediate,,,
CP-D330F37F05,2,"1-3/8"" clamp was unavaialble as the procedure specified.",Underlying,,,
CP-F5097143EF,1,Failure to maintain equipment: Excessive sand and debris in the process system,Immediate,,,
CP-F5097143EF,2,Failure to maintain equipment: Excessive condensate in the instrument gas system,Underlying,,,
CP-F5097143EF,3,Failure to write operating procedures to mitigate design flaws in the instrument gas system,Root,,,
CP-57D88C9DD8,1,"The probable cause of this incident was possible mechanical swing gear bolt failure as a result of exceeding the crane's load capacity for the specific angle and distance. The load limit at an angle of 47.1 degrees was 11,971 pounds and the approximate weight of the 7-5/8"" casing being lifted was 22,230 pounds.",Immediate,,,
CP-57D88C9DD8,2,"Although the crane operator was qualified, he lacked actual operational time on this crane type and the boom angle was not considered during the lift.",Underlying,,,
CP-9D63C7E5D6,1,Flange connection released from the vice due to excessive force applied and improper body positioning within the line of fire.,Immediate,,,
CP-AF101CEEE5,1,The structural beams being cut and not returned,Immediate,,,
CP-AF101CEEE5,2,The hatch cover not being secured in place.,Underlying,,,
CP-AF101CEEE5,3,Lack of on site supervision.,Root,,,
CP-9F92249E10,1,failures and leaks of the MC the UTH may have accelerated the,Immediate,,,
CP-28BCE26628,1,Crane Operator did not lower the D-ring low enough for the Riggers to unhook from main - deck. - It was found that Crane Operator had not been involved in the Job Safety Analysis prior to the job. - No Stop Work Authority was exercised when crew knew Crane Operator had not been involved in the Job Safety Analysis review. - After the incident Company Representative did not exercise Stop Work Authority. - No communication between rigging crew. - CTU supervisor was not wearing the proper Personal Protective Equipment at the time of - incident. -,Immediate,,,
CP-C7C9B9694D,1,"Based on the investigation findings and analysis of the telescopic joint, the probable causes of the incident were attributed to the following: 1) failure of the Upper Split Insert Wiper Seal (SIWS) and 2) debonding failure in the Upper Slip Joint Packer.",Immediate,,,
CP-23ED7A0BF3,1,A cleaning crew inadvertently bumped one of the heater treater's drain valves open allowing approximately one bbl of oil to drain to the overboard line and into the GOM.,Immediate,,,
CP-23ED7A0BF3,2,"A contibuting cause of the spill was that a water polishing unit had been recently taken out of service. The original design / installation had the heater treater manual drain line connected upstream of the water polishing unit so that fluids would be properly treated when draining the bottoms from the heater treater. After, the water polishing unit was taken out of service, the heater treater manual drain line was piped directly to the skimmer's overboard line.",Underlying,,,
CP-215260714B,1,The BSEE incident investigation team determined that the probable cause of the incident was due to improper hand placement on the CTLF main wench static line as the wireline valve assembly was being hoisted for installation.,Immediate,,,
CP-215260714B,2,"BSEE’s investigation into this incident identified the following contributing causes: inadequate pre-job preparation and job hazardous analysis failed to recognize specific pinch points during CTLF main wench lifting operations; 2) the CTLF main wench lifting operational procedures had insufficient engineering controls in place to stabilize the wireline valve assembly from striking the CTLF; 3) the design of the CTLF created clearance problems when lifting a wireline valve assembly; and 4) since CTLF lifting operations during this incident were routine, the crew was not accustomed to implementing stop work authority.",Underlying,,,
CP-215260714B,3,The BSEE incident investigation team determined that the probable cause of the incident was due to improper hand placement on the CTLF main wench static line as the wireline valve assembly was being hoisted for installation.,Root,,,
CP-872326FC4E,1,The CE failed to detect the threat of placing his fingers in a hazardous location. The rigger failed to correct the sling raising the lid at the beginning of the lift which would have prevented the incident.,Immediate,,,
CP-F883ABFF3A,1,"The faulty (leaking) new butterfly valve #2, located on the suction line manifold, resulted in the undesired flow of completion fluid into the GOM through the open pre­ load tank #39. It is unclear from the investigation what exactly caused the failure of valve #2. According to the OIM, the entire system is new, but this particular valve may have been damaged due to weathering and inactivity since installation.",Immediate,,,
CP-F883ABFF3A,2,"The open pre-load tank suction valve #3 allowed unrestricted flow into the pre-load tank #39. Likewise, the open pre-load tank overflow valve #4 provided no means of protection from an undesired release into the GOM.",Underlying,,,
CP-2674FB26E1,1,The employee created the hazard by removing the 8 ½ inch sight glass cover that provided protection from a flash fire and placed his face in the opening. The cover was removed while the ignitor was in service and in the process of lighting the pilot.,Immediate,,,
CP-2674FB26E1,2,"As per the Cox Heater Treater Operating Procedure – Job Preparation – Step 3. Have a clear understanding of consequences of deviation and corrective actions. Prior to removing the cover, the employee should have utilized the stop work and communicated his intentions with the other employee involved in the operation.",Underlying,,,
CP-754AE9C18C,1,"During the weld washing in PWE #39, slag rolled under the Velcro portion of the PWE wall, heated up to the point of smoldering and ignited.",Immediate,,,
CP-C733A576BA,1,The probable cause of the accident was the failure of the banksman and crane operator to maintain communications during the lifting operation.,Immediate,,,
CP-C733A576BA,2,There are several possible contributing causes. One possible contributing cause of the accident was the failure of the personnel involved to recognize that the logging unit could position itself in such a way to close off the banksman's escape route. Another possible contributing cause of the accident was the failure of the other personnel involved to give an emergency stop signal to the crane operator when the banksman dropped the radio.,Underlying,,,
CP-5067563F49,1,Exterior and Interior are probable factors in the rupture.,Immediate,,,
CP-5067563F49,2,Exterior and Interior are probable factors in the rupture.,Underlying,,,
CP-58E98FEEFD,1,The auxiliary load block was not centered above the The IP’s hand position when holding the tag line load. The weight of the load.,Immediate,,,
CP-58E98FEEFD,2,The JSA (Job Safety Analysis) did not,Underlying,,,
CP-2868D67F34,1,"Pumping of fluids into the well to maintain sufficient hydrostatic (as overbalanc~ required by Venoco's approved APM and field rules) was discontinued for a long ~nough period of time to allow an underbalanced well condition to develop. Consequently, the well kicked, allowing formation fluids to enter the well and migrate uphole.",Immediate,,,
CP-09636DAF8E,1,"When the left hand torque was applied to the drill pipe, the torque was not transferred down-hole to the desired location. Instead, the torque remained shallow in the hole. Then it unexpectedly backed off at a higher location (at 1922 feet), causing the violent release of energy at the rig floor. Additionally, rig personnel were in position pulling the slips when the release of energy occurred, causing drill pipe, pipe slips, and rig tongs to strike personnel.",Immediate,,,8
CP-09636DAF8E,2,"When the left hand torque was applied to the drill pipe, the torque was not transferred down-hole to the desired location. Instead, the torque remained shallow in the hole. Then it unexpectedly backed off at a higher location (at 1922 feet), causing the violent release of energy at the rig floor. Additionally, rig personnel were in position pulling the slips when the release of energy occurred, causing drill pipe, pipe slips, and rig tongs to strike personnel.",Underlying,,,
CP-CE0CA4123B,1,Human Performance Error: Improper hand placement - IP’s hand from a more severe The IP did not avoid a pinch point when he placed his left hand on the transporter the platform crane.,Immediate,Inadequate Control Measures,,3
CP-FEEB73F805,1,"Gas break-out is believed to have been occurred from the bottom 13 feet of hole fill when the well was C&C at approximately xxxx feet, even multiple times with the well determined to be static.",Immediate,,,
CP-FEEB73F805,2,Mud paramaters insufficent to control the gas influx. though the well bore was C&C,Underlying,,,
CP-FEEB73F805,3,"Gas break-out is believed to have been occurred from the bottom 13 feet of hole fill when the well was C&C at approximately xxxx feet, even multiple times with the well determined to be static.",Root,,,
CP-CF338020AE,1,Equipment failure: Inadequate preventive maintenance - coating of the piping leading to excessive corrosion.,Immediate,Inadequate Control Measures,,15
CP-A0F413DEA6,1,"The probable cause of this incident is that the M/V crew failed to maintain control of the vessel to prevent striking the satellite well.Also,the mate piloting the vessel did not realize that they were located in a multi-jacket, multi-caisson field.",Immediate,,,
CP-A0F413DEA6,2,It is undetermined whether or not weather may have been a factor and it is undetermined whether or not the nav-aid lights were operating properly.,Underlying,,,
CP-0D19E3D5BC,1,The failure of the motor on the shale shaker was not tied into an automatic shut-in device to divert the flow of the mud to another shaker or to an audible or visual alarm to warn the crew member working in the area of the motor failure. The lack of alarms allowed the motor failure to go unnoticed long enough to cause the three barrel spill by allowing the mud to coat over the screens and overflow the SBM in to the Gulf.,Immediate,,,8
CP-0D19E3D5BC,2,With seven shale shakers it is difficult for one crew member to monitor all the equipment continuously. The lack of additional personnel could have been a contributing factor in not noticing the motor failure before the screens coated over with mud and overflowed the SBM in to the Gulf.,Underlying,,,
CP-0D19E3D5BC,3,The failure of the motor on the shale shaker was not tied into an automatic shut-in device to divert the flow of the mud to another shaker or to an audible or visual alarm to warn the crew member working in the area of the motor failure. The lack of alarms allowed the motor failure to go unnoticed long enough to cause the three barrel spill by allowing the mud to coat over the screens and overflow the SBM in to the Gulf.,Root,,,
CP-3C356856A7,1,The CO failed to provide enough slack to the fast line down the load that was hooked to the main load line. so the crane could safely lay,Immediate,,,
CP-3C356856A7,2,There was no weight indicator on fast line or,Underlying,,,
CP-EB037DCDDA,1,Mr. Gregory Rhodes was not wearing fall protection equipment as he was working at an elevated height of approximately eleven (11) feet above the deck below. Mr. Rhodes was not working from an acceptable walk/work platform as he was working at an elevated height of approximately eleven (11) feet.,Immediate,,,
CP-19F338C9DF,1,Managment systems - inadequate hazard analysis,Immediate,Hazard not Identified,,
CP-19F338C9DF,2,Communication - inadequate job instructions provided,Underlying,Inadequate Control Measures,"Mistake - Information Issue -too little, missing or inaccesible information",9
CP-889FB976D8,1, Incorrect crane slings were used (slings were determined by Nabors to be too long at 35 ft in length).  There was no designated person giving hand signals or communicating with the crane operator.,Immediate,,,
CP-889FB976D8,2, There was no communication between positions) prior to the commencement,Underlying,,,
CP-889FB976D8,3, Incorrect crane slings were used (slings were determined by Nabors to be too long at 35 ft in length).  There was no designated person giving hand signals or communicating with the crane operator.,Root,,,
CP-AF26AE8FD9,1,The probable cause of the failure of the bottom bolts in the boom midsection was likely due to a recent boom/boom stop contact.,Immediate,,,
CP-AF26AE8FD9,2,Heavy corrossion may have further weakened the,Underlying,,,
CP-AF26AE8FD9,3,The probable cause of the failure of the bottom bolts in the boom midsection was likely due to a recent boom/boom stop contact.,Root,,,
CP-96BE7D6D00,1,The rig personnel's failure to implement the necessary precautions to prevent construction personnel from entering the area,Immediate,,,
CP-E34F6FA176,1,"Human error, not sure if hand slipped off valve or if it. was set down.",Immediate,,,
CP-E34F6FA176,2,Hand was in a pinch point.,Underlying,,,
CP-E34F6FA176,3,"Human error, not sure if hand slipped off valve or if it. was set down.",Root,,,
CP-F154929E4F,1,"LESSEE FAILED TO MITIGATE THE HAZARDS ASSOCIATED WITH UNEXPECTED SEPARATION OF THE AGITATOR SHAFT AND GEARBOX NOT IDENTIFIED BY THE MANUFACTURER’S PROCEDURES, AFTER MULTIPLE UNEXPECTED SEPARATIONS ON THE DISCOVERER INDIA AND MULTIPLE PRODUCT SAFETY BULLETINS FROM THE MANUFACTURER. CREW MEMBERS NOT FOLLOWING COMPANY POLICY IN REGARDS TO EACH PARTICIPATING MEMBER OF A JOB TASK MUST SIGN THE WRA INDIVIDUALLY. FAILURE OF IP FOLLOWING MAUFACTURER'S PROCEDURE IN THE PERFORMANCE OF THE TASK.",Immediate,,,
CP-DA8B8BA200,1,"This accident was caused by the 3"" nipple cracking.",Immediate,,,
CP-DBE3F957D9,1,Loss of hydraulic power on the Bow Thruster.,Immediate,,,
CP-842BEE84F9,1,-Lack of communication between tugboat Offshore King and the platform -Loss of control by tugboat Offshore King -Strong current,Immediate,,,
CP-842BEE84F9,2,-Lack of communication between tugboat Offshore King and the platform -Loss of control by tugboat Offshore King -Strong current,Underlying,,,
CP-842BEE84F9,3,-Lack of communication between tugboat Offshore King and the platform -Loss of control by tugboat Offshore King -Strong current,Root,,,
CP-F33EB85E55,1,"Equipment Failure: The C1 compressor piston failure led to a sequence of events that resulted in the piston rod nut contacting the head end of the cylinder and separating from the frame. As the housing broke, the gas blowing down through the vent system ignited.",Immediate,,,15
CP-F33EB85E55,2,"Work Environment: It was also determined that the vibration switch tripped but failed to initiate a shut down at the panel. Due to the freezing temperature at the time of the incident (17F), it is suspected that the condensation froze in the tubing between the switch and the panel which would have allowed the switch to trip but not allow the signal to the panel. Desiccant dryers forming in the tubing.",Underlying,,,6
CP-F33EB85E55,3,"Equipment Failure: The C1 compressor piston failure led to a sequence of events that resulted in the piston rod nut contacting the head end of the cylinder and separating from the frame. As the housing broke, the gas blowing down through the vent system ignited.",Root,,,15
CP-600B617E24,1,Cable pulled out of rope socket.,Immediate,,,
CP-600B617E24,2,"the cable failure was identified, Brand new cable not properly assembled by manufacturer. Manufacturer has taken responsibility for the failure.",Underlying,,,
CP-600B617E24,3,Cable pulled out of rope socket.,Root,,,
CP-2F1992912D,1,"Failure of the Universal Power Supply, UPS-7560",Immediate,,,
CP-2F1992912D,2,None,Underlying,,,
CP-2F1992912D,3,"Failure of the Universal Power Supply, UPS-7560",Root,,,
CP-A55DEBBD97,1,"The water-based paint coating on the cylinders did not effectively prevent corrosion in the marine environment. The inadequate integrity of the cylinder coating allowed for corrosion over time. Visual pre-fill inspections were conducted prior to mobilization offshore, but the rack was not disassembled for a thorough inspection of the individual cylinders or manifold components. This type of inspection did not allow for the bottom of the cylinders to be inspected for corrosion.",Immediate,,,
CP-A55DEBBD97,2,"The nitrogen cylinder rack is designed to securely hold multiple nitrogen cylinders in place, ensuring safety and preventing accidents during storage and handling. However, the absence of a material barrier between the cylinders and the rack presents several significant safety concerns. This can include dents, scratches, or other forms of wear that may compromise the integrity of the cylinder, potentially leading to leaks. The rack does not allow for proper drainage, cylinders to corrosive elements.",Underlying,,,
CP-A8413831E1,1,Human Performance Error:  The two bolts that secured the spider dog safety door were sheared off due to the back plates not being raised on the work platform.  Inadequate secondary safety for securing the spider dog safety door to the spider dog; the chain prevents the spider dog safety door from falling into the work platform area but does not retain the spider dog safety door from falling towards well center and to the moon pool.  Standard Operating Manual was not followed by the rig,Immediate,,,3
CP-A8413831E1,2, Communication failure between the rig floor personnel,Underlying,,,
CP-7D02588F5C,1,"The blade of the saw got stuck causing the saw to jump. The IP moved his hand to try and get out of the way, but his hand was struck with",Immediate,,,
CP-F05811403B,1,"It appears the major areas of corrosion/pitting were in the welds of the tube where the fluid interface mixed with corrosive chemicals, thereby damaging the metal. As a result of the investigation, Ridgelake placed various types of corrosion testing coupons within the treater, which will remain until the tube is pulled on the next inspection. Once the coupons are retrieved, they will be sent to a laboratory for metal loss testing. The treater was placed back in service on February 1, 2024.",Immediate,,,
CP-3692EFDD2C,1,The IE failed to check the gauge installed downstream,Immediate,,,
CP-60B0C6B839,1,IP's boot tip hit tread plate causing a fall.,Immediate,,,
CP-EE305E50DE,1,Worn/defective drill bit or improper drill bit being used for the job.,Immediate,,,
CP-EE305E50DE,2,Equipment was not thoroughly inspected before,Underlying,,,
CP-EE305E50DE,3,Worn/defective drill bit or improper drill bit being used for the job.,Root,,,
CP-4A8977A114,1,Management System: Inadequate hazard analysis. Control measures for this operation involving the aerial lift man-riding work basket were ineffective or not implemented. The crew failed to recognize the hazards associated with using the aerial lift man-riding work basket as a lifting operation by pulling downward with rope. There was no lift plan in place for this operation.,Immediate,Hazard not Identified,,8
CP-4A8977A114,2,"Supervision: Inadequate Supervision. There was inadequate supervision during this operation which resulted in an incident since it was allowed to use the aerial lift man-riding work basket outside of its design for man-riding basket and for pulling a load, simultaneously.",Underlying,Inadequate Control Measures, Competency -  Lapse of Competency,17
CP-4A8977A114,3,Human Performance Error: Not aware of hazards. The AD confirmed that he was aware of designed anchor points but had no memory of the event. The AD tied off to an open-ended handrail instead of the designated anchor point inside the man-riding work basket.,Root,Hazard not Identified,"Mistake - Information Issue -too little, missing or inaccesible information",3
CP-FE4D05FCE3,1,HUMAN ERROR: Inattention to task- The boat captain was not paying attention to the MV’s heading once he set course to the WD field and turned his attention to performing computer tasks,Immediate,, Competency -  Lapse of Competency,3
CP-FE4D05FCE3,2,HUMAN ERROR: Not aware of hazards- The captain of the MV failed to identify the hazards of nearby structures before setting the MV’s course to his next location.,Underlying,Hazard not Identified,"Mistake - Information Issue -too little, missing or inaccesible information",3
CP-FE4D05FCE3,3,HUMAN ERROR: Not following proper procedures- The MV captain did not use his electronic navigation chart system that has the structures clearly identified. This is a violation of the company safe navigation/voyage planning policy.,Root,Control Measures Not Implemented,Violation - Situational Violation,3
CP-5A16E091A7,1,"HOT WELDING SLAG FROM TOP DECK. IT IS BELIEVED THAT METHANOL WAS INADVERTENTLY RELEASED INTO CHEMICAL TANK SKID PRIOR TO EXPLOSION/FIRE. THE WELDING WAS TAKING PLACE DIRECTLY OVER THE METHANOL TANK WHICH IS LOCATED ON THE BOTTOM DECK. A PIECE OF PLYWOOD WAS PLACED OVER THE TANK AND SECURED WITH ROPE, BUT DID NOT COVER THE ENTIRE SKID, ALLOWING THE IGNITION SOURCE TO IGNITE THE METHANOL IN THE SKID AND BEGIN HEATING THE METHANOL CONTAINER. AT THIS POINT A BLEVE OCCURRED. (boiling liquid expanding vapor explosion)",Immediate,,,
CP-AAEC0F5FC5,1,"Low pressure gas vented into common venting going to the skimmer, released to atmosphere and migrated into the MCC room from below, through opening (approximately four inches in diameter) into the MCC room and was ignited by an automated switch or relay. The door was opened, causing room. The percentage of gas in the than in the room.",Immediate,,,
CP-0D35A2BD08,1,"The installation of the failed dead man pad eye for the main hoist line was performed without an installation procedure, welding procedure, engineered drawing of the pad eye, NDT procedure or any type of approval or guidance from the original manufacturer of the crane, crane service company, or engineer. The incorrect installation of the pad eye led to it being pulled from the crane boom cord.",Immediate,,,3
CP-0D35A2BD08,2,"Lack of facility personnel as well as management to ensure that the crane was maintained, or repaired as per requirements of API RP 2D. -",Underlying,,,
CP-BD12A5BAEA,1,Improper hand placement when attempting to open,Immediate,,,
CP-D10A5C8CAF,1,A leaking dump valve on the #3 pit allowed Synthetic Based Mud to slowy drain out of the pit.,Immediate,,,
CP-DD880048AA,1,Equipment Failure – Flawed equipment design or gas to migrate into the lube oil tank.,Immediate,Inadequate Control Measures,,15
CP-DD880048AA,2,construction: Seals failed causing,Underlying,,,
CP-DD880048AA,3,"Equipment Failure – Capacity of equipment exceeded: Gas entered into the lube oil tank exceeding the tanks capacity, causing gas and lube and onto the compressor engine.",Root,Inadequate Control Measures,,15
CP-13A8820D4B,1,"Human Error: The Driller failed to place the diverter panel in the ""Test"" mode before performing the diverter test.",Immediate,,,15
CP-13A8820D4B,2,The Driller was not familiar with the rig and,Underlying,,,
CP-11BFCC2E3F,1,Weather conditions prevented the pumping of oil,Immediate,,,3
CP-5AB375533E,1,The hatch cover was left in the open position prior to the IE's attempt to board the top crane deck. w as the first time the IE was to operate this particular crane.,Immediate,,,
CP-5AB375533E,2,The IE was unaware of a hatch door being present while performing the crane pre-use inspection.,Underlying,,,
CP-B81BC32135,1,A hose connecting the crank case emissions absorber had a pin hole rubbed in it and blew oil over the top of the engine and landing on the intake manifold/Turbocharger and a piece of gasket material. The Turbocharger temperature is between 800 and 900 degrees.,Immediate,,,
CP-EF12925A15,1,Human Performance Error: Inadequate Knowledge of Equipment Operation: the safety catch within the I’D was bypassed when the excess rope was laid to the front of the device as opposed to below or behind it and it was not ran through a directional carabiner per manufacturer recommendations.,Immediate,Inadequate Control Measures,,3
CP-EF12925A15,2,"Personnel Training: Personnel not trained/poorly trained: The Southey Supervisor failed to install the releasable anchor system per the manufacuters' recommendations: he did not thread the rope correctly through the anchor point I’D on RAT #2’s working rope, he did not pass the excess working rope from either of the anchor ID’s through directional carabiners to ensure function of the anti-error catch and did not tie-off all of the anchor devices to prevent accidental lowering of RAT’s. The Southey Supervisor then walked away from the work site and left three Level 1 RAT’s unsupervised conflicting with IRATA training guidelines. RAT’s #1 and #2 did not conduct independent assessments of the anchor point installations prepared by their Southey Supervisor and neither function testing nor buddy checks were completed on each other’s personal RA kits. The IP did not comply with his training and mechanically bypassed his personal backup Shunt device by grabbing and maintaining grip on his rope protector above the backup device. The Southey Supervisor did not follow his training or manufacturer recommendations: The rope was threaded through the I’D descender device improperly, the I’D was not secured/tied-off to prevent accidental lowering of workers per manufacturer recommendations, the IP did not install the rope pro properly- had he done so, his fall would have been minimal as his back-up device would have functioned- he did not secure the rope pro tightly.",Underlying,Inadequate Control Measures,,
CP-2243618BFC,1,The probable causes identified by investigation,Immediate,,,
CP-6E7C2B257D,1,The CE failed to utilize a ladder to obtain additional slack in the air hose. The CE could have also repositioned his footing to fall hazards.,Immediate,,,
CP-340FA64A38,1,The probable cause(s} of this accident are the failure & LSL to close the LCV.,Immediate,,,
CP-340FA64A38,2,A contributing cause was heavy polymer deposits (from float arms in V-33.,Underlying,,,
CP-340FA64A38,3,. N/A,Root,,,
CP-05E0194B4E,1,Equipment Failure: Inadequate Equipment Maintenance- The incident would have been prevented had the equipment been maintained by periodically tightening fittings.,Immediate,Inadequate Control Measures,,8
CP-05E0194B4E,2,Human Performance Error- Personnel were not aware of the hazards of loose fittings and the resulting release of and accumulation of gas and the combined hazards associated with backfires.,Underlying,,,3
CP-05E0194B4E,3,Management Systems: No/Inadequate hazard analysis- Personnel failed to identify the hazard associated with gas accumulation in an area where a likely gas engine backfire could occur.,Root,Hazard not Identified,,8
CP-6185519FB7,1,Failure to properly equalize the pressure below and above the DX plug before cutting the tubing contributed directly to the incident.,Immediate,,,
CP-6185519FB7,2,Sand and wireline debris in the DX plug prevented equalizing ports of DX plug from opening and restricted flow of fluids from,Underlying,,,
CP-6185519FB7,3,Failure to properly equalize the pressure below and above the DX plug before cutting the tubing contributed directly to the incident.,Root,,,
CP-21A51CBCFA,1,Improper rigging procedures from side loading of the torque wrench resulted in failure of the eye bolt and the wrench falling to strike the IP on the right hand. Failure of the eye bolt resulted from the load rating of the eye bolt being decreased to 25% at 90 degrees or 30% at 45 degrees.,Immediate,,,
CP-21A51CBCFA,2,Lack of control of the lifting operation since the Job Safety Analysis (JSA) did not detail how to recover the wrench from the Moonpool.,Underlying,,,
CP-21A51CBCFA,3,Hand placement of the IP.,Root,,,
CP-99B5FE53E5,1,Improper wrapping of Panther felt of Zone 4 deluge,Immediate,,,
CP-99B5FE53E5,2,wiring. Firewatch outside of pressurized welding enclosure during 30 minute cool down.,Underlying,,,
CP-F68B93C2BB,1,"The probable cause of the accident was attributed to lack of employee training since the injured Maersk Roustabout was listed as a SSE and he had not received the level of training required to work on the rig floor. In addition, Maersk stated that they made an error in summoning a SSE Roustabout to assist with lift operations on the rig floor.",Immediate,,,
CP-004E1BF2AC,1,"The failed wireline rope socket, and resulting released wireline tool string, was possibly stressed beyond equipment design as a result of multiple impacts with the top drive and shock from the severing tool's downhole explosion.",Immediate,,,8
CP-004E1BF2AC,2,"The close proximity of the upper wireline pulley to the rig top drive caused entanglement and impact problems throughout the wireline operation. This resulted in unnecessary stress to the wireline equipment; e.g., sheaves, wireline, rope socket, etc.",Underlying,,,
CP-4357E9CAB7,1,-The Subsea Engineer proceeded to work on the all pressure had been removed from the lines.,Immediate,,,
CP-94D2604374,1,The 16-inch joint of casing fell from the VDM due to hoisting the joint with the VDM Guides while the VDM Gripper remained open.,Immediate,,,
CP-586DF68FF1,1,"Weld failure, subsea vendor is performing an analysis.",Immediate,,,
CP-586DF68FF1,2,"Weld failure, subsea vendor is performing an analysis.",Underlying,,,
CP-586DF68FF1,3,"Weld failure, subsea vendor is performing an analysis.",Root,,,
CP-0183D1A1BF,1,"Different theories as to the cause of the fire were considered by the W & T Offshore, Inc. investigation team, but all were eliminated by the team with the exception of lightning. According to the Lessee, a great deal of lightning was observed in the area prior to and after the fire. A typical bolt of lightning can result in heat of up to 50,000 degrees Fahrenheit. The strike can carry a current from 10,000 - 24,000 Amps, but can exceed 200,000 Amps at 15,000,000 million to 100 million Volts. MMS Inspectors revisited the platform on April 1, 2025, to determine whether lightning had struck the platform's adjacent crane. The highest objects in the area were the buildings and crane, with the buildings located within 10 feet from the crane. The crane's Gantry is considerably higher than the buildings, and since lightning usually strikes the highest object in the area, no strike to the crane would most likely rule out a lightning strike as a probable cause. MMS Inspectors did not observe any indications that lightning had struck the fire is unknown.",Immediate,,,8
CP-0183D1A1BF,2,Contributing/possible contributing causes of this,Underlying,,,
CP-24132264B3,1,Heat induced cracks found in the electrical control's cooling system allowed water to enter resulting in failure of the electrical devices that controlled the rig's DP system.,Immediate,,,
CP-24132264B3,2,Power demand voltage flucutations affected the DP system's logic electrical controls for thruster operation and performance. This caused an irregular functioning of the breakers for the electrical control's,Underlying,,,
CP-6A8DC9AF27,1,"Human Performance Error – Failure to follow proper procedures The lean glycol suction valve associated with the active, outboard glycol pump remained in the closed position following pump changeover operations, preventing normal glycol circulation through the glycol regeneration system. Failure to verify valve lineup and restore normal circulation conditions following pump changeover activities contributed to upset conditions within the glycol regeneration system and subsequent hydrocarbon release in the vicinity of the glycol reboiler.",Immediate,,,3
CP-6A8DC9AF27,2,"Management Systems – Inadequate written procedures At the time of the incident, no formal documented procedure or checklist existed requiring valve lineup verification following glycol pump changeover operations. The absence of documented valve alignment verification procedures allowed critical valve positioning activities to rely solely upon individual operator actions and informal practices.",Underlying,,,8
CP-D6CA82ECCB,1,"Grinding sparks landed on stored flammable items (i.e. sheets, towels, dry paper goods, aerosol cans, cleaners, etc.) located inside the hot work zone causing ignition of the fire. When workers went on break, the cutting torch was left unaccompanied inside the how work zone with charged fuel and oxygen in the hoses. The torch and hoses were melted and destroyed, allowing a continuous flow of fuel creating a larger fire.",Immediate,,,
CP-D6CA82ECCB,2,1. Personnel did not remain in the work ended.,Underlying,,,
CP-DAA226FBAE,1,"In the instant that Byron King switched open the SSV, he realized his error, and then switched to close the SSV. Grasping the magnitude of the fire, Byron King then left the well control panel, ran down the adjacent stairs and closed the ESD switch located at the lower deck level. The time lag in the activation of the ESD would have been about one and one-half minutes to full closure. The blast of gas out of the open choke body which was about 2 feet above the deck was like a blow torch aimed directly toward the living quarters. The living quarters were constructed of aluminum, and it and its contents were completely destroyed along with the adjacent 2-300 gallon plastic fresh water tank next to the living quarters. No dry chemical system, deluge water system or safety shut down sysem could have saved the living quarters or anything else within the blast flame direction from the choke body within the closing time of the SSV. The 150 pound dry chemical wheeled unit adjacent to the living quarters would not have slowed the blaze. There was no fire wall or shield (such as an A-60 barrier) located between the choke manifold, production equipment, meter runs, and the living quarters.",Immediate,,,
CP-77EC5E32E6,1,HUMAN ERROR: NOT AWARE OF HAZARDS - The IP was unaware of the hazards associated with the work he was performing. The IP did not adhere to manufacturer recommendations while working on the control valve and the PIC and IP did not ensure the gas line was free of pressure before starting work.,Immediate,Hazard not Identified,"Mistake - Information Issue -too little, missing or inaccesible information",3
CP-77EC5E32E6,2,COMMUNICATION: INADEQUATE COMMUNICATION BETWEEN THE OPERATOR AND CONTRACTOR PERSONNEL,Underlying,Inadequate Control Measures,"Mistake - Information Issue -too little, missing or inaccesible information",9
CP-77EC5E32E6,3,"The PIC and contractor (IP) did not communicate prior to the IP starting his work on the 6-inch gas line. Had communication been better, the IP would not have been able to start work without the PIC’s approval.",Root,,,
CP-333C0E1191,1,"Upon investigation it was determined that the cause of the incident was due to several mechanical failures. The boom hoist slipped due to improper band adjustment and an oily residue, which was found on the surface of the brake band. Secondly, the ratchet pawl device was in the open position and exhibited no indication of being engaged. It was determined that the racket pawl tension spring was not connected causing the device not to engage. The ratchet pawl mechanism on the boom hoist, on this type of crane, is present to prevent a loss boom control in the event of a brake failure.",Immediate,,,
CP-985A475390,1,CE held on to the edge of the cabinet allowing his situation. CE understood very little English and may not have dropped. There was no translator on the facility.,Immediate,,,
CP-150683939C,1,"He had previously been tied off properly,but it appears that he tried to take a short-cut, rather than using a ladder 25 1 away, and attempted to span the area between the cable tray and the staircase structure without 3170",Immediate,,,15
CP-150683939C,2,being tied off..A distance of@,Underlying,,,
CP-150683939C,3,"He had previously been tied off properly,but it appears that he tried to take a short-cut, rather than using a ladder 25 1 away, and attempted to span the area between the cable tray and the staircase structure without 3170",Root,,,
CP-5004608A74,1,"Equipment Failure: Inoperable equipment - A sticking relay in a pneumatic panel in the start fuel/ignition circuit allowed the engine to be saturated with unburnt fuel, which caused a backfire upon the second attempt",Immediate,,,15
CP-5004608A74,2,n/a,Underlying,,,
CP-F5A151FC3D,1,", Pressurized fluids were trapped between the flow safety valve and a downstream header block valve. Once the flowline connection was partially opened, the trapped fluids were free to escape. Interviews with wellbay operators indicate that the system does not provide the means by which to bleed down trapped pressure downstream of the flow safety valve.",Immediate,,,
CP-D36DCDB2B7,1,Buildup of sludge and chemical flocking causing process level sensors to give incorrect reading leading to abnormal conditions.,Immediate,,,
CP-D36DCDB2B7,2,Collapsed internal packing clogging and preventing liquid outlet valves of the Skim Tank from fully closing.,Underlying,,,
CP-FFCFEC9F13,1,Overpressure of the pipeline segment resulting in a gasket failure on the departing pipeline riser flange connection,Immediate,,,
CP-FFCFEC9F13,2,Human error by all parties involved which included,Underlying,,,
CP-C45C57A1CF,1,"Failure to achieve complete joint penetration along the circumference of the weld on the ""Pipe Stop Arm""; shallow/thin welding found along fracture weld",Immediate,,,
CP-C45C57A1CF,2,Lap testing of the PSA showed a lack of fusion in the intact welds. Lack of fusion in between the metals of the weld increases the chances of defects and imperfections in the weld roots.,Underlying,,,
CP-219E2BD122,1,"The WPT bladder has a Schrader valve located on the top side of the tank. As per the manufacturer, ""The WPT bladder should be depressurized by utilizing the Schrader valve prior to disassembling any piping or fittings."" This incident could have been prevented if the WPT bladder were depressurized prior to disassembling the discharge piping.",Immediate,,,
CP-219E2BD122,2,There were no manuals from the manufacture located on the facility for the employees to access information needed to disassemble the WPT in a safe manner. The employees stated they were not familiar with the design of the WPT.,Underlying,,,
CP-219E2BD122,3,"A JSA was prepared to change the filters on the fresh water system, but not on the removal of the WPT. If a JSA would have been completed on the removal of the WPT, the depressurizing of the bladder would have been discussed in order to eliminate the hazard.",Root,,,
CP-0799BDD27E,1,A hand tight lifting-sub backed out of its connection,Immediate,,,8
CP-F8EC8FB423,1,Human Error,Immediate,,,
CP-F8EC8FB423,2,Human Error,Underlying,,,
CP-46FB188BB1,1,Equipment failure/Human error,Immediate,,,
CP-46FB188BB1,2,Helicopter at a low level and not able to recover,Underlying,,,
CP-E38FA6EFB8,1,"The crew did not follow proper procedures in transferring mud. While performing the incorrect procedure to transfer mud, the crew misunderstood the positions of the valves plumbed to the Trip Tank. The pit cleaning crew may have locked open the master dump valve for the Trip Tank during cleaning operations, and never put back into its normally closed and locked position.",Immediate,,,
CP-E38FA6EFB8,2,Not verifying the master dump valve for the trip tanks locked in the closed position. Not following the procedures for mud,Underlying,,,
CP-3EAAF529AA,1,Human Error: Placing hand near striking point.,Immediate,, Competency -  Lapse of Competency,3
CP-3EAAF529AA,2,Human Error: Inattention to work being performed.,Underlying,, Competency -  Lapse of Competency,3
CP-E46253EDAD,1,The failure originated in one of six inserts (nut) in the female connector of joint,Immediate,,,
CP-1CE2872E60,1,The valve on the drain line for the seawater side opened.,Immediate,,,
CP-49E8044B52,1,The cause of the spill was an inadvertent loss of pressure on the slip joint packer and was a direct result of human error and failure,Immediate,,,
CP-49E8044B52,2,none,Underlying,,,
CP-E267A319DC,1,The IP did not recognize poor body placement at the,Immediate,,,
CP-683FF38E7B,1,The probable cause of the accident was water from a broken water line to the toilet that came in contact with electrical equipment/circuits.,Immediate,,,
CP-683FF38E7B,2,The possible contributing cause was,Underlying,,,
CP-80C3B52DBD,1,"Lessee failed to perform crane operating practices for attaching and moving the load being utilized in accordance with API RP 2D, paragraphs 3.2.1, 3.2.2 and 3.2.3",Immediate,,,
