Incident Number,Recommendation Number,Recommendation Description,Unmittigated Risk - Score,Unmittigated Risk - Consequence,Unmittigated Risk - Likelihood,Mittigated Risk - Score,Mittigated Risk - Consequence,Mittigated Risk - Likelihood,Agreed Completion Date,Responsible Owner - Name,Responsible Owner - Position
key,syn,syn,,,,,,,syn,syn,syn
key,syn,syn,,,,,,,syn,,
key,syn,syn,,,,,,,syn,,
key,syn,syn,,,,,,,syn,syn,syn
key,syn,syn,,,,,,,syn,,
key,syn,syn,,,,,,,syn,syn,syn
key,syn,syn,,,,,,,syn,,
key,syn,syn,,,,,,,syn,syn,syn
key,syn,syn,,,,,,,syn,,
key,syn,syn,,,,,,,syn,,
key,syn,syn,,,,,,,syn,,
key,syn,syn,,,,,,,syn,syn,syn
key,syn,syn,,,,,,,syn,syn,syn
key,syn,syn,,,,,,,syn,syn,syn
key,syn,syn,,,,,,,syn,syn,syn
key,syn,syn,,,,,,,syn,syn,syn
key,syn,syn,,,,,,,syn,syn,syn
key,syn,syn,,,,,,,syn,,
key,syn,syn,,,,,,,syn,syn,syn
key,syn,syn,,,,,,,syn,,
key,syn,syn,,,,,,,syn,syn,syn
key,syn,syn,,,,,,,syn,,
key,syn,syn,,,,,,,syn,syn,syn
key,syn,syn,,,,,,,syn,,
key,syn,syn,,,,,,,syn,,
key,syn,syn,,,,,,,syn,syn,syn
key,syn,syn,,,,,,,syn,,
key,syn,syn,,,,,,,syn,,
key,syn,syn,,,,,,,syn,,
key,syn,syn,,,,,,,syn,syn,syn
key,syn,syn,,,,,,,syn,syn,syn
key,syn,syn,,,,,,,syn,syn,syn
key,syn,syn,,,,,,,syn,syn,syn
key,syn,syn,,,,,,,syn,syn,syn
key,syn,syn,,,,,,,syn,,
key,syn,syn,,,,,,,syn,syn,syn
key,syn,syn,,,,,,,syn,syn,syn
key,syn,syn,,,,,,,syn,syn,syn
key,syn,syn,,,,,,,syn,,
key,syn,syn,,,,,,,syn,syn,syn
key,syn,syn,,,,,,,syn,,
key,syn,syn,,,,,,,syn,syn,syn
key,syn,syn,,,,,,,syn,syn,syn
key,syn,syn,,,,,,,syn,syn,syn
key,syn,syn,,,,,,,syn,syn,syn
key,syn,syn,,,,,,,syn,syn,syn
key,syn,syn,,,,,,,syn,syn,syn
key,syn,syn,,,,,,,syn,,
key,syn,syn,,,,,,,syn,,
key,syn,syn,,,,,,,syn,syn,syn
key,syn,syn,,,,,,,syn,,
key,syn,syn,,,,,,,syn,,
key,syn,syn,,,,,,,syn,syn,syn
key,syn,syn,,,,,,,syn,,
key,syn,syn,,,,,,,syn,,
key,syn,syn,,,,,,,syn,syn,syn
key,syn,syn,,,,,,,syn,,
key,syn,syn,,,,,,,syn,syn,syn
key,syn,syn,,,,,,,syn,,
key,syn,syn,,,,,,,syn,syn,syn
key,syn,syn,,,,,,,syn,syn,syn
key,syn,syn,,,,,,,syn,syn,syn
key,syn,syn,,,,,,,syn,syn,syn
key,syn,syn,,,,,,,syn,,
key,syn,syn,,,,,,,syn,,
key,syn,syn,,,,,,,syn,syn,syn
key,syn,syn,,,,,,,syn,syn,syn
key,syn,syn,,,,,,,syn,,
key,syn,syn,,,,,,,syn,syn,syn
key,syn,syn,,,,,,,syn,syn,syn
key,syn,syn,,,,,,,syn,,
key,syn,syn,,,,,,,syn,syn,syn
key,syn,syn,,,,,,,syn,syn,syn
key,syn,syn,,,,,,,syn,syn,syn
key,syn,syn,,,,,,,syn,,
key,syn,syn,,,,,,,syn,,
key,syn,syn,,,,,,,syn,,
key,syn,syn,,,,,,,syn,syn,syn
key,syn,syn,,,,,,,syn,,
key,syn,syn,,,,,,,syn,syn,syn
key,syn,syn,,,,,,,syn,syn,syn
key,syn,syn,,,,,,,syn,,
key,syn,syn,,,,,,,syn,syn,syn
key,syn,syn,,,,,,,syn,,
key,syn,syn,,,,,,,syn,syn,syn
key,syn,syn,,,,,,,syn,,
key,syn,syn,,,,,,,syn,,
key,syn,syn,,,,,,,syn,,
key,syn,syn,,,,,,,syn,syn,syn
key,syn,syn,,,,,,,syn,syn,syn
key,syn,syn,,,,,,,syn,,
key,syn,syn,,,,,,,syn,syn,syn
key,syn,syn,,,,,,,syn,syn,syn
key,syn,syn,,,,,,,syn,,
key,syn,syn,,,,,,,syn,,
key,syn,syn,,,,,,,syn,syn,syn
key,syn,syn,,,,,,,syn,,
key,syn,syn,,,,,,,syn,syn,syn
key,syn,syn,,,,,,,syn,,
key,syn,syn,,,,,,,syn,syn,syn
key,syn,syn,,,,,,,syn,syn,syn
key,syn,syn,,,,,,,syn,syn,syn
key,syn,syn,,,,,,,syn,,
key,syn,syn,,,,,,,syn,syn,syn
key,syn,syn,,,,,,,syn,,
key,syn,syn,,,,,,,syn,,
key,syn,syn,,,,,,,syn,,
key,syn,syn,,,,,,,syn,,
key,syn,syn,,,,,,,syn,,
key,syn,syn,,,,,,,syn,syn,syn
key,syn,syn,,,,,,,syn,syn,syn
key,syn,syn,,,,,,,syn,syn,syn
key,syn,syn,,,,,,,syn,syn,syn
key,syn,syn,,,,,,,syn,syn,syn
key,syn,syn,,,,,,,syn,syn,syn
key,syn,syn,,,,,,,syn,syn,syn
key,syn,syn,,,,,,,syn,syn,syn
key,syn,syn,,,,,,,syn,,
key,syn,syn,,,,,,,syn,syn,syn
key,syn,syn,,,,,,,syn,syn,syn
key,syn,syn,,,,,,,syn,syn,syn
key,syn,syn,,,,,,,syn,,
key,syn,syn,,,,,,,syn,syn,syn
key,syn,syn,,,,,,,syn,syn,syn
key,syn,syn,,,,,,,syn,,
key,syn,syn,,,,,,,syn,,
key,syn,syn,,,,,,,syn,syn,syn
key,syn,syn,,,,,,,syn,syn,syn
key,syn,syn,,,,,,,syn,,
key,syn,syn,,,,,,,syn,syn,syn
key,syn,syn,,,,,,,syn,syn,syn
key,syn,syn,,,,,,,syn,,
key,syn,syn,,,,,,,syn,syn,syn
key,syn,syn,,,,,,,syn,syn,syn
key,syn,syn,,,,,,,syn,,
key,syn,syn,,,,,,,syn,syn,syn
key,syn,syn,,,,,,,syn,syn,syn
key,syn,syn,,,,,,,syn,,
key,syn,syn,,,,,,,syn,syn,syn
key,syn,syn,,,,,,,syn,,
key,syn,syn,,,,,,,syn,syn,syn
key,syn,syn,,,,,,,syn,,
key,syn,syn,,,,,,,syn,,
key,syn,syn,,,,,,,syn,syn,syn
key,syn,syn,,,,,,,syn,,
